[debug] [2026-05-05T17:02:30.343Z] ----------------------------------------------------------------------
[debug] [2026-05-05T17:02:30.371Z] Command:       /Users/samuelong/.nvm/versions/node/v22.12.0/bin/node /Users/samuelong/.nvm/versions/node/v22.12.0/bin/firebase deploy --only functions
[debug] [2026-05-05T17:02:30.484Z] CLI Version:   15.16.0
[debug] [2026-05-05T17:02:30.484Z] Platform:      darwin
[debug] [2026-05-05T17:02:30.484Z] Node Version:  v22.12.0
[debug] [2026-05-05T17:02:30.499Z] Time:          Wed May 06 2026 01:02:30 GMT+0800 (Malaysia Time)
[debug] [2026-05-05T17:02:30.514Z] ----------------------------------------------------------------------
[debug] 
[debug] [2026-05-05T17:02:44.344Z] > command requires scopes: ["email","openid","https://www.googleapis.com/auth/cloudplatformprojects.readonly","https://www.googleapis.com/auth/firebase","https://www.googleapis.com/auth/cloud-platform"]
[debug] [2026-05-05T17:02:44.345Z] > authorizing via signed-in user (samuelong135@gmail.com)
[debug] [2026-05-05T17:02:44.345Z] [iam] checking project tesla-destination-club for permissions ["cloudfunctions.functions.create","cloudfunctions.functions.delete","cloudfunctions.functions.get","cloudfunctions.functions.list","cloudfunctions.functions.update","cloudfunctions.operations.get","firebase.projects.get"]
[debug] [2026-05-05T17:02:44.351Z] Checked if tokens are valid: true, expires at: 1778003249258
[debug] [2026-05-05T17:02:44.352Z] Checked if tokens are valid: true, expires at: 1778003249258
[debug] [2026-05-05T17:02:44.353Z] >>> [apiv2][query] POST https://cloudresourcemanager.googleapis.com/v1/projects/tesla-destination-club:testIamPermissions [none]
[debug] [2026-05-05T17:02:44.353Z] >>> [apiv2][(partial)header] POST https://cloudresourcemanager.googleapis.com/v1/projects/tesla-destination-club:testIamPermissions  x-goog-user-project=tesla-destination-club
[debug] [2026-05-05T17:02:44.353Z] >>> [apiv2][body] POST https://cloudresourcemanager.googleapis.com/v1/projects/tesla-destination-club:testIamPermissions {"permissions":["cloudfunctions.functions.create","cloudfunctions.functions.delete","cloudfunctions.functions.get","cloudfunctions.functions.list","cloudfunctions.functions.update","cloudfunctions.operations.get","firebase.projects.get"]}
[debug] [2026-05-05T17:02:45.769Z] <<< [apiv2][status] POST https://cloudresourcemanager.googleapis.com/v1/projects/tesla-destination-club:testIamPermissions 200
[debug] [2026-05-05T17:02:45.769Z] <<< [apiv2][body] POST https://cloudresourcemanager.googleapis.com/v1/projects/tesla-destination-club:testIamPermissions {"permissions":["cloudfunctions.functions.create","cloudfunctions.functions.delete","cloudfunctions.functions.get","cloudfunctions.functions.list","cloudfunctions.functions.update","cloudfunctions.operations.get","firebase.projects.get"]}
[debug] [2026-05-05T17:02:45.770Z] Checked if tokens are valid: true, expires at: 1778003249258
[debug] [2026-05-05T17:02:45.770Z] Checked if tokens are valid: true, expires at: 1778003249258
[debug] [2026-05-05T17:02:45.770Z] >>> [apiv2][query] POST https://iam.googleapis.com/v1/projects/tesla-destination-club/serviceAccounts/tesla-destination-club@appspot.gserviceaccount.com:testIamPermissions [none]
[debug] [2026-05-05T17:02:45.770Z] >>> [apiv2][body] POST https://iam.googleapis.com/v1/projects/tesla-destination-club/serviceAccounts/tesla-destination-club@appspot.gserviceaccount.com:testIamPermissions {"permissions":["iam.serviceAccounts.actAs"]}
[debug] [2026-05-05T17:02:47.221Z] <<< [apiv2][status] POST https://iam.googleapis.com/v1/projects/tesla-destination-club/serviceAccounts/tesla-destination-club@appspot.gserviceaccount.com:testIamPermissions 200
[debug] [2026-05-05T17:02:47.221Z] <<< [apiv2][body] POST https://iam.googleapis.com/v1/projects/tesla-destination-club/serviceAccounts/tesla-destination-club@appspot.gserviceaccount.com:testIamPermissions {"permissions":["iam.serviceAccounts.actAs"]}
[info] 
[info] === Deploying to 'tesla-destination-club'...
[info] 
[info] i  deploying functions 
[info] Running command: npm --prefix "$RESOURCE_DIR" run lint
[info] Running command: npm --prefix "$RESOURCE_DIR" run build
[info] ✔  functions: Finished running predeploy script. 
[debug] [2026-05-05T17:04:13.032Z] Checked if tokens are valid: true, expires at: 1778003249258
[debug] [2026-05-05T17:04:13.033Z] Checked if tokens are valid: true, expires at: 1778003249258
[debug] [2026-05-05T17:04:13.033Z] >>> [apiv2][query] GET https://cloudresourcemanager.googleapis.com/v1/projects/tesla-destination-club [none]
[debug] [2026-05-05T17:04:14.183Z] <<< [apiv2][status] GET https://cloudresourcemanager.googleapis.com/v1/projects/tesla-destination-club 200
[debug] [2026-05-05T17:04:14.183Z] <<< [apiv2][body] GET https://cloudresourcemanager.googleapis.com/v1/projects/tesla-destination-club {"projectNumber":"794509533450","projectId":"tesla-destination-club","lifecycleState":"ACTIVE","name":"Tesla Destination Club","labels":{"firebase":"enabled","firebase-core":"disabled"},"createTime":"2026-04-20T15:20:53.704Z"}
[info] i  functions: preparing codebase default for deployment 
[info] i  functions: ensuring required API cloudfunctions.googleapis.com is enabled... 
[info] i  functions: ensuring required API cloudbuild.googleapis.com is enabled... 
[info] i  artifactregistry: ensuring required API artifactregistry.googleapis.com is enabled... 
[debug] [2026-05-05T17:04:14.188Z] Checked if tokens are valid: true, expires at: 1778003249258
[debug] [2026-05-05T17:04:14.188Z] Checked if tokens are valid: true, expires at: 1778003249258
[debug] [2026-05-05T17:04:14.188Z] >>> [apiv2][query] GET https://firebase.googleapis.com/v1beta1/projects/tesla-destination-club/adminSdkConfig [none]
[debug] [2026-05-05T17:04:15.088Z] <<< [apiv2][status] GET https://firebase.googleapis.com/v1beta1/projects/tesla-destination-club/adminSdkConfig 200
[debug] [2026-05-05T17:04:15.088Z] <<< [apiv2][body] GET https://firebase.googleapis.com/v1beta1/projects/tesla-destination-club/adminSdkConfig {"projectId":"tesla-destination-club","storageBucket":"tesla-destination-club.firebasestorage.app"}
[debug] [2026-05-05T17:04:15.093Z] Validating nodejs source
[debug] [2026-05-05T17:04:15.914Z] > [functions] package.json contents: {
  "name": "functions",
  "scripts": {
    "lint": "eslint --ext .js,.ts .",
    "build": "tsc",
    "build:watch": "tsc --watch",
    "serve": "npm run build && firebase emulators:start --only functions",
    "shell": "npm run build && firebase functions:shell",
    "start": "npm run shell",
    "deploy": "firebase deploy --only functions",
    "logs": "firebase functions:log"
  },
  "engines": {
    "node": "24"
  },
  "main": "lib/index.js",
  "dependencies": {
    "@google-cloud/tasks": "^6.2.2",
    "firebase-admin": "^13.6.0",
    "firebase-functions": "^7.0.0"
  },
  "devDependencies": {
    "@typescript-eslint/eslint-plugin": "^5.12.0",
    "@typescript-eslint/parser": "^5.12.0",
    "eslint": "^8.9.0",
    "eslint-config-google": "^0.14.0",
    "eslint-plugin-import": "^2.25.4",
    "firebase-functions-test": "^3.4.1",
    "typescript": "^5.7.3"
  },
  "private": true
}
[debug] [2026-05-05T17:04:15.914Z] Building nodejs source
[info] i  functions: Loading and analyzing source code for codebase default to determine what to deploy 
[debug] [2026-05-05T17:04:15.916Z] Could not find functions.yaml. Must use http discovery
[debug] [2026-05-05T17:04:15.930Z] Found firebase-functions binary at '/Users/samuelong/Flutter/repositories/tesla-destination-club/functions/node_modules/.bin/firebase-functions'
[info] Serving at port 8773

[debug] [2026-05-05T17:04:17.816Z] Got response from /__/functions.yaml {"endpoints":{"processExpiredBooking":{"availableMemoryMb":null,"timeoutSeconds":null,"minInstances":null,"maxInstances":10,"ingressSettings":null,"concurrency":null,"serviceAccountEmail":null,"vpc":null,"platform":"gcfv2","region":["asia-southeast1"],"labels":{},"httpsTrigger":{"invoker":["private"]},"entryPoint":"processExpiredBooking"},"seedChargers":{"availableMemoryMb":null,"timeoutSeconds":null,"minInstances":null,"maxInstances":10,"ingressSettings":null,"concurrency":null,"serviceAccountEmail":null,"vpc":null,"platform":"gcfv2","region":["asia-southeast1"],"labels":{},"callableTrigger":{},"entryPoint":"seedChargers"},"createBooking":{"availableMemoryMb":null,"timeoutSeconds":null,"minInstances":null,"maxInstances":10,"ingressSettings":null,"concurrency":null,"serviceAccountEmail":null,"vpc":null,"platform":"gcfv2","region":["asia-southeast1"],"labels":{},"callableTrigger":{},"entryPoint":"createBooking"},"cancelBooking":{"availableMemoryMb":null,"timeoutSeconds":null,"minInstances":null,"maxInstances":10,"ingressSettings":null,"concurrency":null,"serviceAccountEmail":null,"vpc":null,"platform":"gcfv2","region":["asia-southeast1"],"labels":{},"callableTrigger":{},"entryPoint":"cancelBooking"},"checkInBooking":{"availableMemoryMb":null,"timeoutSeconds":null,"minInstances":null,"maxInstances":10,"ingressSettings":null,"concurrency":null,"serviceAccountEmail":null,"vpc":null,"platform":"gcfv2","region":["asia-southeast1"],"labels":{},"callableTrigger":{},"entryPoint":"checkInBooking"},"checkOutBooking":{"availableMemoryMb":null,"timeoutSeconds":null,"minInstances":null,"maxInstances":10,"ingressSettings":null,"concurrency":null,"serviceAccountEmail":null,"vpc":null,"platform":"gcfv2","region":["asia-southeast1"],"labels":{},"callableTrigger":{},"entryPoint":"checkOutBooking"},"autoCompleteBookings":{"availableMemoryMb":null,"timeoutSeconds":null,"minInstances":null,"maxInstances":10,"ingressSettings":null,"concurrency":null,"serviceAccountEmail":null,"vpc":null,"platform":"gcfv2","region":["asia-southeast1"],"labels":{},"scheduleTrigger":{"schedule":"every 30 minutes","retryConfig":{},"timeZone":"Asia/Kuala_Lumpur"},"entryPoint":"autoCompleteBookings"},"storeFcmToken":{"availableMemoryMb":null,"timeoutSeconds":null,"minInstances":null,"maxInstances":10,"ingressSettings":null,"concurrency":null,"serviceAccountEmail":null,"vpc":null,"platform":"gcfv2","region":["asia-southeast1"],"labels":{},"callableTrigger":{},"entryPoint":"storeFcmToken"},"sendCheckInReminders":{"availableMemoryMb":null,"timeoutSeconds":null,"minInstances":null,"maxInstances":10,"ingressSettings":null,"concurrency":null,"serviceAccountEmail":null,"vpc":null,"platform":"gcfv2","region":["asia-southeast1"],"labels":{},"scheduleTrigger":{"schedule":"every 5 minutes","retryConfig":{},"timeZone":"Asia/Kuala_Lumpur"},"entryPoint":"sendCheckInReminders"},"submitHoggingReport":{"availableMemoryMb":null,"timeoutSeconds":null,"minInstances":null,"maxInstances":10,"ingressSettings":null,"concurrency":null,"serviceAccountEmail":null,"vpc":null,"platform":"gcfv2","region":["asia-southeast1"],"labels":{},"callableTrigger":{},"entryPoint":"submitHoggingReport"},"approveHoggingReport":{"availableMemoryMb":null,"timeoutSeconds":null,"minInstances":null,"maxInstances":10,"ingressSettings":null,"concurrency":null,"serviceAccountEmail":null,"vpc":null,"platform":"gcfv2","region":["asia-southeast1"],"labels":{},"callableTrigger":{},"entryPoint":"approveHoggingReport"},"rejectHoggingReport":{"availableMemoryMb":null,"timeoutSeconds":null,"minInstances":null,"maxInstances":10,"ingressSettings":null,"concurrency":null,"serviceAccountEmail":null,"vpc":null,"platform":"gcfv2","region":["asia-southeast1"],"labels":{},"callableTrigger":{},"entryPoint":"rejectHoggingReport"},"submitUnregisteredChargeReport":{"availableMemoryMb":null,"timeoutSeconds":null,"minInstances":null,"maxInstances":10,"ingressSettings":null,"concurrency":null,"serviceAccountEmail":null,"vpc":null,"platform":"gcfv2","region":["asia-southeast1"],"labels":{},"callableTrigger":{},"entryPoint":"submitUnregisteredChargeReport"},"resolveUnregisteredChargeReport":{"availableMemoryMb":null,"timeoutSeconds":null,"minInstances":null,"maxInstances":10,"ingressSettings":null,"concurrency":null,"serviceAccountEmail":null,"vpc":null,"platform":"gcfv2","region":["asia-southeast1"],"labels":{},"callableTrigger":{},"entryPoint":"resolveUnregisteredChargeReport"},"autoExpireUnregisteredReports":{"availableMemoryMb":null,"timeoutSeconds":null,"minInstances":null,"maxInstances":10,"ingressSettings":null,"concurrency":null,"serviceAccountEmail":null,"vpc":null,"platform":"gcfv2","region":["asia-southeast1"],"labels":{},"scheduleTrigger":{"schedule":"every 15 minutes","retryConfig":{},"timeZone":"Asia/Kuala_Lumpur"},"entryPoint":"autoExpireUnregisteredReports"},"getLeaderboard":{"availableMemoryMb":null,"timeoutSeconds":null,"minInstances":null,"maxInstances":10,"ingressSettings":null,"concurrency":null,"serviceAccountEmail":null,"vpc":null,"platform":"gcfv2","region":["asia-southeast1"],"labels":{},"callableTrigger":{},"entryPoint":"getLeaderboard"}},"specVersion":"v1alpha1","requiredAPIs":[{"api":"cloudscheduler.googleapis.com","reason":"Needed for scheduled functions."}],"extensions":{}}
[info] i  extensions: ensuring required API firebaseextensions.googleapis.com is enabled... 
[debug] [2026-05-05T17:04:22.122Z] > command requires scopes: ["email","openid","https://www.googleapis.com/auth/cloudplatformprojects.readonly","https://www.googleapis.com/auth/firebase","https://www.googleapis.com/auth/cloud-platform"]
[debug] [2026-05-05T17:04:22.124Z] > authorizing via signed-in user (samuelong135@gmail.com)
[debug] [2026-05-05T17:04:22.124Z] [iam] checking project tesla-destination-club for permissions ["firebase.projects.get","firebaseextensions.instances.list"]
[debug] [2026-05-05T17:04:22.124Z] Checked if tokens are valid: true, expires at: 1778003249258
[debug] [2026-05-05T17:04:22.125Z] Checked if tokens are valid: true, expires at: 1778003249258
[debug] [2026-05-05T17:04:22.126Z] >>> [apiv2][query] POST https://cloudresourcemanager.googleapis.com/v1/projects/tesla-destination-club:testIamPermissions [none]
[debug] [2026-05-05T17:04:22.126Z] >>> [apiv2][(partial)header] POST https://cloudresourcemanager.googleapis.com/v1/projects/tesla-destination-club:testIamPermissions  x-goog-user-project=tesla-destination-club
[debug] [2026-05-05T17:04:22.126Z] >>> [apiv2][body] POST https://cloudresourcemanager.googleapis.com/v1/projects/tesla-destination-club:testIamPermissions {"permissions":["firebase.projects.get","firebaseextensions.instances.list"]}
[debug] [2026-05-05T17:04:23.198Z] <<< [apiv2][status] POST https://cloudresourcemanager.googleapis.com/v1/projects/tesla-destination-club:testIamPermissions 200
[debug] [2026-05-05T17:04:23.198Z] <<< [apiv2][body] POST https://cloudresourcemanager.googleapis.com/v1/projects/tesla-destination-club:testIamPermissions {"permissions":["firebase.projects.get","firebaseextensions.instances.list"]}
[debug] [2026-05-05T17:04:23.199Z] Checked if tokens are valid: true, expires at: 1778003249258
[debug] [2026-05-05T17:04:23.199Z] Checked if tokens are valid: true, expires at: 1778003249258
[debug] [2026-05-05T17:04:23.199Z] >>> [apiv2][query] GET https://firebaseextensions.googleapis.com/v1beta/projects/tesla-destination-club/instances pageSize=100&pageToken=
[debug] [2026-05-05T17:04:24.421Z] <<< [apiv2][status] GET https://firebaseextensions.googleapis.com/v1beta/projects/tesla-destination-club/instances 200
[debug] [2026-05-05T17:04:24.421Z] <<< [apiv2][body] GET https://firebaseextensions.googleapis.com/v1beta/projects/tesla-destination-club/instances {}
[info] i  functions: preparing functions directory for uploading... 
[info] i  functions: packaged /Users/samuelong/Flutter/repositories/tesla-destination-club/functions (124 KB) for uploading 
[debug] [2026-05-05T17:04:24.507Z] Checked if tokens are valid: true, expires at: 1778003249258
[debug] [2026-05-05T17:04:24.507Z] Checked if tokens are valid: true, expires at: 1778003249258
[debug] [2026-05-05T17:04:24.507Z] >>> [apiv2][query] GET https://cloudfunctions.googleapis.com/v1/projects/tesla-destination-club/locations/-/functions [none]
[debug] [2026-05-05T17:04:25.197Z] <<< [apiv2][status] GET https://cloudfunctions.googleapis.com/v1/projects/tesla-destination-club/locations/-/functions 200
[debug] [2026-05-05T17:04:25.198Z] <<< [apiv2][body] GET https://cloudfunctions.googleapis.com/v1/projects/tesla-destination-club/locations/-/functions {}
[debug] [2026-05-05T17:04:25.198Z] Checked if tokens are valid: true, expires at: 1778003249258
[debug] [2026-05-05T17:04:25.198Z] Checked if tokens are valid: true, expires at: 1778003249258
[debug] [2026-05-05T17:04:25.199Z] >>> [apiv2][query] GET https://cloudfunctions.googleapis.com/v2/projects/tesla-destination-club/locations/-/functions filter=environment%3D%22GEN_2%22
[debug] [2026-05-05T17:04:26.828Z] <<< [apiv2][status] GET https://cloudfunctions.googleapis.com/v2/projects/tesla-destination-club/locations/-/functions 200
[debug] [2026-05-05T17:04:26.828Z] <<< [apiv2][body] GET https://cloudfunctions.googleapis.com/v2/projects/tesla-destination-club/locations/-/functions {"functions":[{"name":"projects/tesla-destination-club/locations/us-central1/functions/checkOutBooking","buildConfig":{"build":"projects/794509533450/locations/us-central1/builds/e001f30b-1604-4a9d-8db7-2619962e8d71","runtime":"nodejs24","entryPoint":"checkOutBooking","source":{"storageSource":{"bucket":"gcf-v2-sources-794509533450-us-central1","object":"checkOutBooking/function-source.zip","generation":"1777793241964646"}},"environmentVariables":{"GOOGLE_NODE_RUN_SCRIPTS":""},"dockerRepository":"projects/tesla-destination-club/locations/us-central1/repositories/gcf-artifacts","sourceProvenance":{"resolvedStorageSource":{"bucket":"gcf-v2-sources-794509533450-us-central1","object":"checkOutBooking/function-source.zip","generation":"1777793241964646"}},"dockerRegistry":"ARTIFACT_REGISTRY","serviceAccount":"projects/tesla-destination-club/serviceAccounts/794509533450-compute@developer.gserviceaccount.com","automaticUpdatePolicy":{}},"serviceConfig":{"service":"projects/tesla-destination-club/locations/us-central1/services/checkoutbooking","timeoutSeconds":60,"environmentVariables":{"FIREBASE_CONFIG":"{\"projectId\":\"tesla-destination-club\",\"storageBucket\":\"tesla-destination-club.firebasestorage.app\"}","GCLOUD_PROJECT":"tesla-destination-club","EVENTARC_CLOUD_EVENT_SOURCE":"projects/tesla-destination-club/locations/us-central1/services/checkOutBooking","FUNCTION_TARGET":"checkOutBooking","LOG_EXECUTION_ID":"true","FUNCTION_SIGNATURE_TYPE":"http"},"maxInstanceCount":10,"ingressSettings":"ALLOW_ALL","uri":"https://checkoutbooking-fdf62ub73q-uc.a.run.app","serviceAccountEmail":"794509533450-compute@developer.gserviceaccount.com","availableMemory":"256Mi","allTrafficOnLatestRevision":true,"revision":"checkoutbooking-00001-vew","maxInstanceRequestConcurrency":80,"availableCpu":"1"},"state":"ACTIVE","updateTime":"2026-05-03T07:27:28.757089633Z","labels":{"deployment-tool":"cli-firebase","deployment-callable":"true","firebase-functions-hash":"d1bf899be0aa65e5c4a6c0e76da59477179e1a55"},"environment":"GEN_2","url":"https://us-central1-tesla-destination-club.cloudfunctions.net/checkOutBooking","createTime":"2026-05-03T07:27:22.226465540Z","satisfiesPzi":true},{"name":"projects/tesla-destination-club/locations/us-central1/functions/checkInBooking","buildConfig":{"build":"projects/794509533450/locations/us-central1/builds/e001f30b-1604-4a9d-8db7-2619962e8d71","runtime":"nodejs24","entryPoint":"checkInBooking","source":{"storageSource":{"bucket":"gcf-v2-sources-794509533450-us-central1","object":"checkInBooking/function-source.zip","generation":"1777793182556151"}},"environmentVariables":{"GOOGLE_NODE_RUN_SCRIPTS":""},"dockerRepository":"projects/tesla-destination-club/locations/us-central1/repositories/gcf-artifacts","sourceProvenance":{"resolvedStorageSource":{"bucket":"gcf-v2-sources-794509533450-us-central1","object":"checkInBooking/function-source.zip","generation":"1777793182556151"}},"dockerRegistry":"ARTIFACT_REGISTRY","serviceAccount":"projects/tesla-destination-club/serviceAccounts/794509533450-compute@developer.gserviceaccount.com","automaticUpdatePolicy":{}},"serviceConfig":{"service":"projects/tesla-destination-club/locations/us-central1/services/checkinbooking","timeoutSeconds":60,"environmentVariables":{"FIREBASE_CONFIG":"{\"projectId\":\"tesla-destination-club\",\"storageBucket\":\"tesla-destination-club.firebasestorage.app\"}","GCLOUD_PROJECT":"tesla-destination-club","EVENTARC_CLOUD_EVENT_SOURCE":"projects/tesla-destination-club/locations/us-central1/services/checkInBooking","FUNCTION_TARGET":"checkInBooking","LOG_EXECUTION_ID":"true"},"maxInstanceCount":10,"ingressSettings":"ALLOW_ALL","uri":"https://checkinbooking-fdf62ub73q-uc.a.run.app","serviceAccountEmail":"794509533450-compute@developer.gserviceaccount.com","availableMemory":"256Mi","allTrafficOnLatestRevision":true,"revision":"checkinbooking-00001-koh","maxInstanceRequestConcurrency":80,"availableCpu":"1"},"state":"ACTIVE","updateTime":"2026-05-03T07:27:16.018925541Z","labels":{"deployment-tool":"cli-firebase","deployment-callable":"true","firebase-functions-hash":"d1bf899be0aa65e5c4a6c0e76da59477179e1a55"},"environment":"GEN_2","url":"https://us-central1-tesla-destination-club.cloudfunctions.net/checkInBooking","createTime":"2026-05-03T07:26:22.763324583Z","satisfiesPzi":true},{"name":"projects/tesla-destination-club/locations/us-central1/functions/createBooking","buildConfig":{"build":"projects/794509533450/locations/us-central1/builds/e001f30b-1604-4a9d-8db7-2619962e8d71","runtime":"nodejs24","entryPoint":"createBooking","source":{"storageSource":{"bucket":"gcf-v2-sources-794509533450-us-central1","object":"createBooking/function-source.zip","generation":"1777793242615328"}},"environmentVariables":{"GOOGLE_NODE_RUN_SCRIPTS":""},"dockerRepository":"projects/tesla-destination-club/locations/us-central1/repositories/gcf-artifacts","sourceProvenance":{"resolvedStorageSource":{"bucket":"gcf-v2-sources-794509533450-us-central1","object":"createBooking/function-source.zip","generation":"1777793242615328"}},"dockerRegistry":"ARTIFACT_REGISTRY","serviceAccount":"projects/tesla-destination-club/serviceAccounts/794509533450-compute@developer.gserviceaccount.com","automaticUpdatePolicy":{}},"serviceConfig":{"service":"projects/tesla-destination-club/locations/us-central1/services/createbooking","timeoutSeconds":60,"environmentVariables":{"FIREBASE_CONFIG":"{\"projectId\":\"tesla-destination-club\",\"storageBucket\":\"tesla-destination-club.firebasestorage.app\"}","GCLOUD_PROJECT":"tesla-destination-club","EVENTARC_CLOUD_EVENT_SOURCE":"projects/tesla-destination-club/locations/us-central1/services/createBooking","FUNCTION_TARGET":"createBooking","LOG_EXECUTION_ID":"true","FUNCTION_SIGNATURE_TYPE":"http"},"maxInstanceCount":10,"ingressSettings":"ALLOW_ALL","uri":"https://createbooking-fdf62ub73q-uc.a.run.app","serviceAccountEmail":"794509533450-compute@developer.gserviceaccount.com","availableMemory":"256Mi","allTrafficOnLatestRevision":true,"revision":"createbooking-00007-vup","maxInstanceRequestConcurrency":80,"availableCpu":"1"},"state":"ACTIVE","updateTime":"2026-05-03T07:27:28.743460303Z","labels":{"deployment-tool":"cli-firebase","deployment-callable":"true","firebase-functions-hash":"d1bf899be0aa65e5c4a6c0e76da59477179e1a55"},"environment":"GEN_2","url":"https://us-central1-tesla-destination-club.cloudfunctions.net/createBooking","createTime":"2026-04-20T16:56:02.377553058Z","satisfiesPzi":true},{"name":"projects/tesla-destination-club/locations/us-central1/functions/cancelBooking","buildConfig":{"build":"projects/794509533450/locations/us-central1/builds/e001f30b-1604-4a9d-8db7-2619962e8d71","runtime":"nodejs24","entryPoint":"cancelBooking","source":{"storageSource":{"bucket":"gcf-v2-sources-794509533450-us-central1","object":"cancelBooking/function-source.zip","generation":"1777793242494067"}},"environmentVariables":{"GOOGLE_NODE_RUN_SCRIPTS":""},"dockerRepository":"projects/tesla-destination-club/locations/us-central1/repositories/gcf-artifacts","sourceProvenance":{"resolvedStorageSource":{"bucket":"gcf-v2-sources-794509533450-us-central1","object":"cancelBooking/function-source.zip","generation":"1777793242494067"}},"dockerRegistry":"ARTIFACT_REGISTRY","serviceAccount":"projects/tesla-destination-club/serviceAccounts/794509533450-compute@developer.gserviceaccount.com","automaticUpdatePolicy":{}},"serviceConfig":{"service":"projects/tesla-destination-club/locations/us-central1/services/cancelbooking","timeoutSeconds":60,"environmentVariables":{"FIREBASE_CONFIG":"{\"projectId\":\"tesla-destination-club\",\"storageBucket\":\"tesla-destination-club.firebasestorage.app\"}","GCLOUD_PROJECT":"tesla-destination-club","EVENTARC_CLOUD_EVENT_SOURCE":"projects/tesla-destination-club/locations/us-central1/services/cancelBooking","FUNCTION_TARGET":"cancelBooking","LOG_EXECUTION_ID":"true","FUNCTION_SIGNATURE_TYPE":"http"},"maxInstanceCount":10,"ingressSettings":"ALLOW_ALL","uri":"https://cancelbooking-fdf62ub73q-uc.a.run.app","serviceAccountEmail":"794509533450-compute@developer.gserviceaccount.com","availableMemory":"256Mi","allTrafficOnLatestRevision":true,"revision":"cancelbooking-00007-liw","maxInstanceRequestConcurrency":80,"availableCpu":"1"},"state":"ACTIVE","updateTime":"2026-05-03T07:27:28.946139918Z","labels":{"firebase-functions-hash":"d1bf899be0aa65e5c4a6c0e76da59477179e1a55","deployment-tool":"cli-firebase","deployment-callable":"true"},"environment":"GEN_2","url":"https://us-central1-tesla-destination-club.cloudfunctions.net/cancelBooking","createTime":"2026-04-20T16:56:02.425663840Z","satisfiesPzi":true},{"name":"projects/tesla-destination-club/locations/us-central1/functions/seedChargers","buildConfig":{"build":"projects/794509533450/locations/us-central1/builds/e001f30b-1604-4a9d-8db7-2619962e8d71","runtime":"nodejs24","entryPoint":"seedChargers","source":{"storageSource":{"bucket":"gcf-v2-sources-794509533450-us-central1","object":"seedChargers/function-source.zip","generation":"1777793242623814"}},"environmentVariables":{"GOOGLE_NODE_RUN_SCRIPTS":""},"dockerRepository":"projects/tesla-destination-club/locations/us-central1/repositories/gcf-artifacts","sourceProvenance":{"resolvedStorageSource":{"bucket":"gcf-v2-sources-794509533450-us-central1","object":"seedChargers/function-source.zip","generation":"1777793242623814"}},"dockerRegistry":"ARTIFACT_REGISTRY","serviceAccount":"projects/tesla-destination-club/serviceAccounts/794509533450-compute@developer.gserviceaccount.com","automaticUpdatePolicy":{}},"serviceConfig":{"service":"projects/tesla-destination-club/locations/us-central1/services/seedchargers","timeoutSeconds":60,"environmentVariables":{"FIREBASE_CONFIG":"{\"projectId\":\"tesla-destination-club\",\"storageBucket\":\"tesla-destination-club.firebasestorage.app\"}","GCLOUD_PROJECT":"tesla-destination-club","EVENTARC_CLOUD_EVENT_SOURCE":"projects/tesla-destination-club/locations/us-central1/services/seedChargers","FUNCTION_TARGET":"seedChargers","LOG_EXECUTION_ID":"true","FUNCTION_SIGNATURE_TYPE":"http"},"maxInstanceCount":10,"ingressSettings":"ALLOW_ALL","uri":"https://seedchargers-fdf62ub73q-uc.a.run.app","serviceAccountEmail":"794509533450-compute@developer.gserviceaccount.com","availableMemory":"256Mi","allTrafficOnLatestRevision":true,"revision":"seedchargers-00008-xez","maxInstanceRequestConcurrency":80,"availableCpu":"1"},"state":"ACTIVE","updateTime":"2026-05-03T07:27:29.279804939Z","labels":{"deployment-tool":"cli-firebase","deployment-callable":"true","firebase-functions-hash":"d1bf899be0aa65e5c4a6c0e76da59477179e1a55"},"environment":"GEN_2","url":"https://us-central1-tesla-destination-club.cloudfunctions.net/seedChargers","createTime":"2026-04-20T16:55:04.902575455Z","satisfiesPzi":true}]}
[info] i  functions: ensuring required API cloudscheduler.googleapis.com is enabled... 
[info] i  functions: ensuring required API run.googleapis.com is enabled... 
[info] i  functions: ensuring required API eventarc.googleapis.com is enabled... 
[info] i  functions: ensuring required API pubsub.googleapis.com is enabled... 
[info] i  functions: ensuring required API storage.googleapis.com is enabled... 
[info] i  functions: generating the service identity for pubsub.googleapis.com... 
[debug] [2026-05-05T17:04:26.846Z] Checked if tokens are valid: true, expires at: 1778003249258
[debug] [2026-05-05T17:04:26.846Z] Checked if tokens are valid: true, expires at: 1778003249258
[info] i  functions: generating the service identity for eventarc.googleapis.com... 
[debug] [2026-05-05T17:04:26.846Z] Checked if tokens are valid: true, expires at: 1778003249258
[debug] [2026-05-05T17:04:26.846Z] Checked if tokens are valid: true, expires at: 1778003249258
[debug] [2026-05-05T17:04:26.846Z] >>> [apiv2][query] POST https://serviceusage.googleapis.com/v1beta1/projects/794509533450/services/pubsub.googleapis.com:generateServiceIdentity [none]
[debug] [2026-05-05T17:04:26.846Z] >>> [apiv2][(partial)header] POST https://serviceusage.googleapis.com/v1beta1/projects/794509533450/services/pubsub.googleapis.com:generateServiceIdentity  x-goog-user-project=794509533450
[debug] [2026-05-05T17:04:26.846Z] >>> [apiv2][body] POST https://serviceusage.googleapis.com/v1beta1/projects/794509533450/services/pubsub.googleapis.com:generateServiceIdentity {}
[debug] [2026-05-05T17:04:26.860Z] >>> [apiv2][query] POST https://serviceusage.googleapis.com/v1beta1/projects/794509533450/services/eventarc.googleapis.com:generateServiceIdentity [none]
[debug] [2026-05-05T17:04:26.860Z] >>> [apiv2][(partial)header] POST https://serviceusage.googleapis.com/v1beta1/projects/794509533450/services/eventarc.googleapis.com:generateServiceIdentity  x-goog-user-project=794509533450
[debug] [2026-05-05T17:04:26.860Z] >>> [apiv2][body] POST https://serviceusage.googleapis.com/v1beta1/projects/794509533450/services/eventarc.googleapis.com:generateServiceIdentity {}
[debug] [2026-05-05T17:04:28.380Z] <<< [apiv2][status] POST https://serviceusage.googleapis.com/v1beta1/projects/794509533450/services/eventarc.googleapis.com:generateServiceIdentity 200
[debug] [2026-05-05T17:04:28.380Z] <<< [apiv2][body] POST https://serviceusage.googleapis.com/v1beta1/projects/794509533450/services/eventarc.googleapis.com:generateServiceIdentity {"name":"operations/finished.DONE_OPERATION","done":true,"response":{"@type":"type.googleapis.com/google.api.serviceusage.v1beta1.ServiceIdentity","email":"service-794509533450@gcp-sa-eventarc.iam.gserviceaccount.com","uniqueId":"114981361051549879819"}}
[debug] [2026-05-05T17:04:28.442Z] <<< [apiv2][status] POST https://serviceusage.googleapis.com/v1beta1/projects/794509533450/services/pubsub.googleapis.com:generateServiceIdentity 200
[debug] [2026-05-05T17:04:28.443Z] <<< [apiv2][body] POST https://serviceusage.googleapis.com/v1beta1/projects/794509533450/services/pubsub.googleapis.com:generateServiceIdentity {"name":"operations/finished.DONE_OPERATION","done":true,"response":{"@type":"type.googleapis.com/google.api.serviceusage.v1beta1.ServiceIdentity","email":"service-794509533450@gcp-sa-pubsub.iam.gserviceaccount.com","uniqueId":"110717021561666296889"}}
[debug] [2026-05-05T17:04:28.447Z] Checked if tokens are valid: true, expires at: 1778003249258
[debug] [2026-05-05T17:04:28.447Z] Checked if tokens are valid: true, expires at: 1778003249258
[debug] [2026-05-05T17:04:28.447Z] >>> [apiv2][query] GET https://cloudresourcemanager.googleapis.com/v1/projects/tesla-destination-club [none]
[debug] [2026-05-05T17:04:29.549Z] <<< [apiv2][status] GET https://cloudresourcemanager.googleapis.com/v1/projects/tesla-destination-club 200
[debug] [2026-05-05T17:04:29.549Z] <<< [apiv2][body] GET https://cloudresourcemanager.googleapis.com/v1/projects/tesla-destination-club {"projectNumber":"794509533450","projectId":"tesla-destination-club","lifecycleState":"ACTIVE","name":"Tesla Destination Club","labels":{"firebase":"enabled","firebase-core":"disabled"},"createTime":"2026-04-20T15:20:53.704Z"}
[debug] [2026-05-05T17:04:29.549Z] Checked if tokens are valid: true, expires at: 1778003249258
[debug] [2026-05-05T17:04:29.549Z] Checked if tokens are valid: true, expires at: 1778003249258
[debug] [2026-05-05T17:04:29.549Z] >>> [apiv2][query] GET https://compute.googleapis.com/compute/v1/projects/794509533450 [none]
[debug] [2026-05-05T17:04:29.815Z] <<< [apiv2][status] GET https://compute.googleapis.com/compute/v1/projects/794509533450 403
[debug] [2026-05-05T17:04:29.815Z] <<< [apiv2][body] GET https://compute.googleapis.com/compute/v1/projects/794509533450 {"error":{"code":403,"message":"Compute Engine API has not been used in project 794509533450 before or it is disabled. Enable it by visiting https://console.developers.google.com/apis/api/compute.googleapis.com/overview?project=794509533450 then retry. If you enabled this API recently, wait a few minutes for the action to propagate to our systems and retry.","errors":[{"message":"Compute Engine API has not been used in project 794509533450 before or it is disabled. Enable it by visiting https://console.developers.google.com/apis/api/compute.googleapis.com/overview?project=794509533450 then retry. If you enabled this API recently, wait a few minutes for the action to propagate to our systems and retry.","domain":"usageLimits","reason":"accessNotConfigured","extendedHelp":"https://console.developers.google.com"}],"status":"PERMISSION_DENIED","details":[{"@type":"type.googleapis.com/google.rpc.ErrorInfo","reason":"SERVICE_DISABLED","domain":"googleapis.com","metadata":{"activationUrl":"https://console.developers.google.com/apis/api/compute.googleapis.com/overview?project=794509533450","serviceTitle":"Compute Engine API","containerInfo":"794509533450","service":"compute.googleapis.com","consumer":"projects/794509533450"}},{"@type":"type.googleapis.com/google.rpc.LocalizedMessage","locale":"en-US","message":"Compute Engine API has not been used in project 794509533450 before or it is disabled. Enable it by visiting https://console.developers.google.com/apis/api/compute.googleapis.com/overview?project=794509533450 then retry. If you enabled this API recently, wait a few minutes for the action to propagate to our systems and retry."},{"@type":"type.googleapis.com/google.rpc.Help","links":[{"description":"Google developers console API activation","url":"https://console.developers.google.com/apis/api/compute.googleapis.com/overview?project=794509533450"}]}]}}
[debug] [2026-05-05T17:04:29.816Z] unable to look up default compute service account. Falling back to 794509533450-compute@developer.gserviceaccount.com. Error: {"name":"FirebaseError","children":[],"context":{"body":{"error":{"code":403,"message":"Compute Engine API has not been used in project 794509533450 before or it is disabled. Enable it by visiting https://console.developers.google.com/apis/api/compute.googleapis.com/overview?project=794509533450 then retry. If you enabled this API recently, wait a few minutes for the action to propagate to our systems and retry.","errors":[{"message":"Compute Engine API has not been used in project 794509533450 before or it is disabled. Enable it by visiting https://console.developers.google.com/apis/api/compute.googleapis.com/overview?project=794509533450 then retry. If you enabled this API recently, wait a few minutes for the action to propagate to our systems and retry.","domain":"usageLimits","reason":"accessNotConfigured","extendedHelp":"https://console.developers.google.com"}],"status":"PERMISSION_DENIED","details":[{"@type":"type.googleapis.com/google.rpc.ErrorInfo","reason":"SERVICE_DISABLED","domain":"googleapis.com","metadata":{"activationUrl":"https://console.developers.google.com/apis/api/compute.googleapis.com/overview?project=794509533450","serviceTitle":"Compute Engine API","containerInfo":"794509533450","service":"compute.googleapis.com","consumer":"projects/794509533450"}},{"@type":"type.googleapis.com/google.rpc.LocalizedMessage","locale":"en-US","message":"Compute Engine API has not been used in project 794509533450 before or it is disabled. Enable it by visiting https://console.developers.google.com/apis/api/compute.googleapis.com/overview?project=794509533450 then retry. If you enabled this API recently, wait a few minutes for the action to propagate to our systems and retry."},{"@type":"type.googleapis.com/google.rpc.Help","links":[{"description":"Google developers console API activation","url":"https://console.developers.google.com/apis/api/compute.googleapis.com/overview?project=794509533450"}]}]}},"response":{"statusCode":403}},"exit":1,"message":"Request to https://compute.googleapis.com/compute/v1/projects/794509533450 had HTTP Error: 403, Compute Engine API has not been used in project 794509533450 before or it is disabled. Enable it by visiting https://console.developers.google.com/apis/api/compute.googleapis.com/overview?project=794509533450 then retry. If you enabled this API recently, wait a few minutes for the action to propagate to our systems and retry.","status":403}
[debug] [2026-05-05T17:04:29.816Z] Checked if tokens are valid: true, expires at: 1778003249258
[debug] [2026-05-05T17:04:29.816Z] Checked if tokens are valid: true, expires at: 1778003249258
[debug] [2026-05-05T17:04:29.817Z] >>> [apiv2][query] GET https://compute.googleapis.com/compute/v1/projects/794509533450 [none]
[debug] [2026-05-05T17:04:30.116Z] <<< [apiv2][status] GET https://compute.googleapis.com/compute/v1/projects/794509533450 403
[debug] [2026-05-05T17:04:30.116Z] <<< [apiv2][body] GET https://compute.googleapis.com/compute/v1/projects/794509533450 {"error":{"code":403,"message":"Compute Engine API has not been used in project 794509533450 before or it is disabled. Enable it by visiting https://console.developers.google.com/apis/api/compute.googleapis.com/overview?project=794509533450 then retry. If you enabled this API recently, wait a few minutes for the action to propagate to our systems and retry.","errors":[{"message":"Compute Engine API has not been used in project 794509533450 before or it is disabled. Enable it by visiting https://console.developers.google.com/apis/api/compute.googleapis.com/overview?project=794509533450 then retry. If you enabled this API recently, wait a few minutes for the action to propagate to our systems and retry.","domain":"usageLimits","reason":"accessNotConfigured","extendedHelp":"https://console.developers.google.com"}],"status":"PERMISSION_DENIED","details":[{"@type":"type.googleapis.com/google.rpc.ErrorInfo","reason":"SERVICE_DISABLED","domain":"googleapis.com","metadata":{"serviceTitle":"Compute Engine API","activationUrl":"https://console.developers.google.com/apis/api/compute.googleapis.com/overview?project=794509533450","service":"compute.googleapis.com","consumer":"projects/794509533450","containerInfo":"794509533450"}},{"@type":"type.googleapis.com/google.rpc.LocalizedMessage","locale":"en-US","message":"Compute Engine API has not been used in project 794509533450 before or it is disabled. Enable it by visiting https://console.developers.google.com/apis/api/compute.googleapis.com/overview?project=794509533450 then retry. If you enabled this API recently, wait a few minutes for the action to propagate to our systems and retry."},{"@type":"type.googleapis.com/google.rpc.Help","links":[{"description":"Google developers console API activation","url":"https://console.developers.google.com/apis/api/compute.googleapis.com/overview?project=794509533450"}]}]}}
[debug] [2026-05-05T17:04:30.116Z] unable to look up default compute service account. Falling back to 794509533450-compute@developer.gserviceaccount.com. Error: {"name":"FirebaseError","children":[],"context":{"body":{"error":{"code":403,"message":"Compute Engine API has not been used in project 794509533450 before or it is disabled. Enable it by visiting https://console.developers.google.com/apis/api/compute.googleapis.com/overview?project=794509533450 then retry. If you enabled this API recently, wait a few minutes for the action to propagate to our systems and retry.","errors":[{"message":"Compute Engine API has not been used in project 794509533450 before or it is disabled. Enable it by visiting https://console.developers.google.com/apis/api/compute.googleapis.com/overview?project=794509533450 then retry. If you enabled this API recently, wait a few minutes for the action to propagate to our systems and retry.","domain":"usageLimits","reason":"accessNotConfigured","extendedHelp":"https://console.developers.google.com"}],"status":"PERMISSION_DENIED","details":[{"@type":"type.googleapis.com/google.rpc.ErrorInfo","reason":"SERVICE_DISABLED","domain":"googleapis.com","metadata":{"serviceTitle":"Compute Engine API","activationUrl":"https://console.developers.google.com/apis/api/compute.googleapis.com/overview?project=794509533450","service":"compute.googleapis.com","consumer":"projects/794509533450","containerInfo":"794509533450"}},{"@type":"type.googleapis.com/google.rpc.LocalizedMessage","locale":"en-US","message":"Compute Engine API has not been used in project 794509533450 before or it is disabled. Enable it by visiting https://console.developers.google.com/apis/api/compute.googleapis.com/overview?project=794509533450 then retry. If you enabled this API recently, wait a few minutes for the action to propagate to our systems and retry."},{"@type":"type.googleapis.com/google.rpc.Help","links":[{"description":"Google developers console API activation","url":"https://console.developers.google.com/apis/api/compute.googleapis.com/overview?project=794509533450"}]}]}},"response":{"statusCode":403}},"exit":1,"message":"Request to https://compute.googleapis.com/compute/v1/projects/794509533450 had HTTP Error: 403, Compute Engine API has not been used in project 794509533450 before or it is disabled. Enable it by visiting https://console.developers.google.com/apis/api/compute.googleapis.com/overview?project=794509533450 then retry. If you enabled this API recently, wait a few minutes for the action to propagate to our systems and retry.","status":403}
[debug] [2026-05-05T17:04:30.116Z] Checked if tokens are valid: true, expires at: 1778003249258
[debug] [2026-05-05T17:04:30.116Z] Checked if tokens are valid: true, expires at: 1778003249258
[debug] [2026-05-05T17:04:30.116Z] >>> [apiv2][query] GET https://compute.googleapis.com/compute/v1/projects/794509533450 [none]
[debug] [2026-05-05T17:04:30.382Z] <<< [apiv2][status] GET https://compute.googleapis.com/compute/v1/projects/794509533450 403
[debug] [2026-05-05T17:04:30.383Z] <<< [apiv2][body] GET https://compute.googleapis.com/compute/v1/projects/794509533450 {"error":{"code":403,"message":"Compute Engine API has not been used in project 794509533450 before or it is disabled. Enable it by visiting https://console.developers.google.com/apis/api/compute.googleapis.com/overview?project=794509533450 then retry. If you enabled this API recently, wait a few minutes for the action to propagate to our systems and retry.","errors":[{"message":"Compute Engine API has not been used in project 794509533450 before or it is disabled. Enable it by visiting https://console.developers.google.com/apis/api/compute.googleapis.com/overview?project=794509533450 then retry. If you enabled this API recently, wait a few minutes for the action to propagate to our systems and retry.","domain":"usageLimits","reason":"accessNotConfigured","extendedHelp":"https://console.developers.google.com"}],"status":"PERMISSION_DENIED","details":[{"@type":"type.googleapis.com/google.rpc.ErrorInfo","reason":"SERVICE_DISABLED","domain":"googleapis.com","metadata":{"activationUrl":"https://console.developers.google.com/apis/api/compute.googleapis.com/overview?project=794509533450","serviceTitle":"Compute Engine API","containerInfo":"794509533450","service":"compute.googleapis.com","consumer":"projects/794509533450"}},{"@type":"type.googleapis.com/google.rpc.LocalizedMessage","locale":"en-US","message":"Compute Engine API has not been used in project 794509533450 before or it is disabled. Enable it by visiting https://console.developers.google.com/apis/api/compute.googleapis.com/overview?project=794509533450 then retry. If you enabled this API recently, wait a few minutes for the action to propagate to our systems and retry."},{"@type":"type.googleapis.com/google.rpc.Help","links":[{"description":"Google developers console API activation","url":"https://console.developers.google.com/apis/api/compute.googleapis.com/overview?project=794509533450"}]}]}}
[debug] [2026-05-05T17:04:30.383Z] unable to look up default compute service account. Falling back to 794509533450-compute@developer.gserviceaccount.com. Error: {"name":"FirebaseError","children":[],"context":{"body":{"error":{"code":403,"message":"Compute Engine API has not been used in project 794509533450 before or it is disabled. Enable it by visiting https://console.developers.google.com/apis/api/compute.googleapis.com/overview?project=794509533450 then retry. If you enabled this API recently, wait a few minutes for the action to propagate to our systems and retry.","errors":[{"message":"Compute Engine API has not been used in project 794509533450 before or it is disabled. Enable it by visiting https://console.developers.google.com/apis/api/compute.googleapis.com/overview?project=794509533450 then retry. If you enabled this API recently, wait a few minutes for the action to propagate to our systems and retry.","domain":"usageLimits","reason":"accessNotConfigured","extendedHelp":"https://console.developers.google.com"}],"status":"PERMISSION_DENIED","details":[{"@type":"type.googleapis.com/google.rpc.ErrorInfo","reason":"SERVICE_DISABLED","domain":"googleapis.com","metadata":{"activationUrl":"https://console.developers.google.com/apis/api/compute.googleapis.com/overview?project=794509533450","serviceTitle":"Compute Engine API","containerInfo":"794509533450","service":"compute.googleapis.com","consumer":"projects/794509533450"}},{"@type":"type.googleapis.com/google.rpc.LocalizedMessage","locale":"en-US","message":"Compute Engine API has not been used in project 794509533450 before or it is disabled. Enable it by visiting https://console.developers.google.com/apis/api/compute.googleapis.com/overview?project=794509533450 then retry. If you enabled this API recently, wait a few minutes for the action to propagate to our systems and retry."},{"@type":"type.googleapis.com/google.rpc.Help","links":[{"description":"Google developers console API activation","url":"https://console.developers.google.com/apis/api/compute.googleapis.com/overview?project=794509533450"}]}]}},"response":{"statusCode":403}},"exit":1,"message":"Request to https://compute.googleapis.com/compute/v1/projects/794509533450 had HTTP Error: 403, Compute Engine API has not been used in project 794509533450 before or it is disabled. Enable it by visiting https://console.developers.google.com/apis/api/compute.googleapis.com/overview?project=794509533450 then retry. If you enabled this API recently, wait a few minutes for the action to propagate to our systems and retry.","status":403}
[debug] [2026-05-05T17:04:30.383Z] Checked if tokens are valid: true, expires at: 1778003249258
[debug] [2026-05-05T17:04:30.383Z] Checked if tokens are valid: true, expires at: 1778003249258
[debug] [2026-05-05T17:04:30.383Z] >>> [apiv2][query] GET https://compute.googleapis.com/compute/v1/projects/794509533450 [none]
[debug] [2026-05-05T17:04:30.650Z] <<< [apiv2][status] GET https://compute.googleapis.com/compute/v1/projects/794509533450 403
[debug] [2026-05-05T17:04:30.650Z] <<< [apiv2][body] GET https://compute.googleapis.com/compute/v1/projects/794509533450 {"error":{"code":403,"message":"Compute Engine API has not been used in project 794509533450 before or it is disabled. Enable it by visiting https://console.developers.google.com/apis/api/compute.googleapis.com/overview?project=794509533450 then retry. If you enabled this API recently, wait a few minutes for the action to propagate to our systems and retry.","errors":[{"message":"Compute Engine API has not been used in project 794509533450 before or it is disabled. Enable it by visiting https://console.developers.google.com/apis/api/compute.googleapis.com/overview?project=794509533450 then retry. If you enabled this API recently, wait a few minutes for the action to propagate to our systems and retry.","domain":"usageLimits","reason":"accessNotConfigured","extendedHelp":"https://console.developers.google.com"}],"status":"PERMISSION_DENIED","details":[{"@type":"type.googleapis.com/google.rpc.ErrorInfo","reason":"SERVICE_DISABLED","domain":"googleapis.com","metadata":{"activationUrl":"https://console.developers.google.com/apis/api/compute.googleapis.com/overview?project=794509533450","containerInfo":"794509533450","service":"compute.googleapis.com","consumer":"projects/794509533450","serviceTitle":"Compute Engine API"}},{"@type":"type.googleapis.com/google.rpc.LocalizedMessage","locale":"en-US","message":"Compute Engine API has not been used in project 794509533450 before or it is disabled. Enable it by visiting https://console.developers.google.com/apis/api/compute.googleapis.com/overview?project=794509533450 then retry. If you enabled this API recently, wait a few minutes for the action to propagate to our systems and retry."},{"@type":"type.googleapis.com/google.rpc.Help","links":[{"description":"Google developers console API activation","url":"https://console.developers.google.com/apis/api/compute.googleapis.com/overview?project=794509533450"}]}]}}
[debug] [2026-05-05T17:04:30.651Z] unable to look up default compute service account. Falling back to 794509533450-compute@developer.gserviceaccount.com. Error: {"name":"FirebaseError","children":[],"context":{"body":{"error":{"code":403,"message":"Compute Engine API has not been used in project 794509533450 before or it is disabled. Enable it by visiting https://console.developers.google.com/apis/api/compute.googleapis.com/overview?project=794509533450 then retry. If you enabled this API recently, wait a few minutes for the action to propagate to our systems and retry.","errors":[{"message":"Compute Engine API has not been used in project 794509533450 before or it is disabled. Enable it by visiting https://console.developers.google.com/apis/api/compute.googleapis.com/overview?project=794509533450 then retry. If you enabled this API recently, wait a few minutes for the action to propagate to our systems and retry.","domain":"usageLimits","reason":"accessNotConfigured","extendedHelp":"https://console.developers.google.com"}],"status":"PERMISSION_DENIED","details":[{"@type":"type.googleapis.com/google.rpc.ErrorInfo","reason":"SERVICE_DISABLED","domain":"googleapis.com","metadata":{"activationUrl":"https://console.developers.google.com/apis/api/compute.googleapis.com/overview?project=794509533450","containerInfo":"794509533450","service":"compute.googleapis.com","consumer":"projects/794509533450","serviceTitle":"Compute Engine API"}},{"@type":"type.googleapis.com/google.rpc.LocalizedMessage","locale":"en-US","message":"Compute Engine API has not been used in project 794509533450 before or it is disabled. Enable it by visiting https://console.developers.google.com/apis/api/compute.googleapis.com/overview?project=794509533450 then retry. If you enabled this API recently, wait a few minutes for the action to propagate to our systems and retry."},{"@type":"type.googleapis.com/google.rpc.Help","links":[{"description":"Google developers console API activation","url":"https://console.developers.google.com/apis/api/compute.googleapis.com/overview?project=794509533450"}]}]}},"response":{"statusCode":403}},"exit":1,"message":"Request to https://compute.googleapis.com/compute/v1/projects/794509533450 had HTTP Error: 403, Compute Engine API has not been used in project 794509533450 before or it is disabled. Enable it by visiting https://console.developers.google.com/apis/api/compute.googleapis.com/overview?project=794509533450 then retry. If you enabled this API recently, wait a few minutes for the action to propagate to our systems and retry.","status":403}
[debug] [2026-05-05T17:04:30.651Z] Checked if tokens are valid: true, expires at: 1778003249258
[debug] [2026-05-05T17:04:30.651Z] Checked if tokens are valid: true, expires at: 1778003249258
[debug] [2026-05-05T17:04:30.651Z] >>> [apiv2][query] GET https://compute.googleapis.com/compute/v1/projects/794509533450 [none]
[debug] [2026-05-05T17:04:30.887Z] <<< [apiv2][status] GET https://compute.googleapis.com/compute/v1/projects/794509533450 403
[debug] [2026-05-05T17:04:30.888Z] <<< [apiv2][body] GET https://compute.googleapis.com/compute/v1/projects/794509533450 {"error":{"code":403,"message":"Compute Engine API has not been used in project 794509533450 before or it is disabled. Enable it by visiting https://console.developers.google.com/apis/api/compute.googleapis.com/overview?project=794509533450 then retry. If you enabled this API recently, wait a few minutes for the action to propagate to our systems and retry.","errors":[{"message":"Compute Engine API has not been used in project 794509533450 before or it is disabled. Enable it by visiting https://console.developers.google.com/apis/api/compute.googleapis.com/overview?project=794509533450 then retry. If you enabled this API recently, wait a few minutes for the action to propagate to our systems and retry.","domain":"usageLimits","reason":"accessNotConfigured","extendedHelp":"https://console.developers.google.com"}],"status":"PERMISSION_DENIED","details":[{"@type":"type.googleapis.com/google.rpc.ErrorInfo","reason":"SERVICE_DISABLED","domain":"googleapis.com","metadata":{"serviceTitle":"Compute Engine API","activationUrl":"https://console.developers.google.com/apis/api/compute.googleapis.com/overview?project=794509533450","service":"compute.googleapis.com","containerInfo":"794509533450","consumer":"projects/794509533450"}},{"@type":"type.googleapis.com/google.rpc.LocalizedMessage","locale":"en-US","message":"Compute Engine API has not been used in project 794509533450 before or it is disabled. Enable it by visiting https://console.developers.google.com/apis/api/compute.googleapis.com/overview?project=794509533450 then retry. If you enabled this API recently, wait a few minutes for the action to propagate to our systems and retry."},{"@type":"type.googleapis.com/google.rpc.Help","links":[{"description":"Google developers console API activation","url":"https://console.developers.google.com/apis/api/compute.googleapis.com/overview?project=794509533450"}]}]}}
[debug] [2026-05-05T17:04:30.888Z] unable to look up default compute service account. Falling back to 794509533450-compute@developer.gserviceaccount.com. Error: {"name":"FirebaseError","children":[],"context":{"body":{"error":{"code":403,"message":"Compute Engine API has not been used in project 794509533450 before or it is disabled. Enable it by visiting https://console.developers.google.com/apis/api/compute.googleapis.com/overview?project=794509533450 then retry. If you enabled this API recently, wait a few minutes for the action to propagate to our systems and retry.","errors":[{"message":"Compute Engine API has not been used in project 794509533450 before or it is disabled. Enable it by visiting https://console.developers.google.com/apis/api/compute.googleapis.com/overview?project=794509533450 then retry. If you enabled this API recently, wait a few minutes for the action to propagate to our systems and retry.","domain":"usageLimits","reason":"accessNotConfigured","extendedHelp":"https://console.developers.google.com"}],"status":"PERMISSION_DENIED","details":[{"@type":"type.googleapis.com/google.rpc.ErrorInfo","reason":"SERVICE_DISABLED","domain":"googleapis.com","metadata":{"serviceTitle":"Compute Engine API","activationUrl":"https://console.developers.google.com/apis/api/compute.googleapis.com/overview?project=794509533450","service":"compute.googleapis.com","containerInfo":"794509533450","consumer":"projects/794509533450"}},{"@type":"type.googleapis.com/google.rpc.LocalizedMessage","locale":"en-US","message":"Compute Engine API has not been used in project 794509533450 before or it is disabled. Enable it by visiting https://console.developers.google.com/apis/api/compute.googleapis.com/overview?project=794509533450 then retry. If you enabled this API recently, wait a few minutes for the action to propagate to our systems and retry."},{"@type":"type.googleapis.com/google.rpc.Help","links":[{"description":"Google developers console API activation","url":"https://console.developers.google.com/apis/api/compute.googleapis.com/overview?project=794509533450"}]}]}},"response":{"statusCode":403}},"exit":1,"message":"Request to https://compute.googleapis.com/compute/v1/projects/794509533450 had HTTP Error: 403, Compute Engine API has not been used in project 794509533450 before or it is disabled. Enable it by visiting https://console.developers.google.com/apis/api/compute.googleapis.com/overview?project=794509533450 then retry. If you enabled this API recently, wait a few minutes for the action to propagate to our systems and retry.","status":403}
[debug] [2026-05-05T17:04:30.888Z] Checked if tokens are valid: true, expires at: 1778003249258
[debug] [2026-05-05T17:04:30.888Z] Checked if tokens are valid: true, expires at: 1778003249258
[debug] [2026-05-05T17:04:30.888Z] >>> [apiv2][query] GET https://compute.googleapis.com/compute/v1/projects/794509533450 [none]
[debug] [2026-05-05T17:04:31.151Z] <<< [apiv2][status] GET https://compute.googleapis.com/compute/v1/projects/794509533450 403
[debug] [2026-05-05T17:04:31.151Z] <<< [apiv2][body] GET https://compute.googleapis.com/compute/v1/projects/794509533450 {"error":{"code":403,"message":"Compute Engine API has not been used in project 794509533450 before or it is disabled. Enable it by visiting https://console.developers.google.com/apis/api/compute.googleapis.com/overview?project=794509533450 then retry. If you enabled this API recently, wait a few minutes for the action to propagate to our systems and retry.","errors":[{"message":"Compute Engine API has not been used in project 794509533450 before or it is disabled. Enable it by visiting https://console.developers.google.com/apis/api/compute.googleapis.com/overview?project=794509533450 then retry. If you enabled this API recently, wait a few minutes for the action to propagate to our systems and retry.","domain":"usageLimits","reason":"accessNotConfigured","extendedHelp":"https://console.developers.google.com"}],"status":"PERMISSION_DENIED","details":[{"@type":"type.googleapis.com/google.rpc.ErrorInfo","reason":"SERVICE_DISABLED","domain":"googleapis.com","metadata":{"activationUrl":"https://console.developers.google.com/apis/api/compute.googleapis.com/overview?project=794509533450","consumer":"projects/794509533450","service":"compute.googleapis.com","serviceTitle":"Compute Engine API","containerInfo":"794509533450"}},{"@type":"type.googleapis.com/google.rpc.LocalizedMessage","locale":"en-US","message":"Compute Engine API has not been used in project 794509533450 before or it is disabled. Enable it by visiting https://console.developers.google.com/apis/api/compute.googleapis.com/overview?project=794509533450 then retry. If you enabled this API recently, wait a few minutes for the action to propagate to our systems and retry."},{"@type":"type.googleapis.com/google.rpc.Help","links":[{"description":"Google developers console API activation","url":"https://console.developers.google.com/apis/api/compute.googleapis.com/overview?project=794509533450"}]}]}}
[debug] [2026-05-05T17:04:31.152Z] unable to look up default compute service account. Falling back to 794509533450-compute@developer.gserviceaccount.com. Error: {"name":"FirebaseError","children":[],"context":{"body":{"error":{"code":403,"message":"Compute Engine API has not been used in project 794509533450 before or it is disabled. Enable it by visiting https://console.developers.google.com/apis/api/compute.googleapis.com/overview?project=794509533450 then retry. If you enabled this API recently, wait a few minutes for the action to propagate to our systems and retry.","errors":[{"message":"Compute Engine API has not been used in project 794509533450 before or it is disabled. Enable it by visiting https://console.developers.google.com/apis/api/compute.googleapis.com/overview?project=794509533450 then retry. If you enabled this API recently, wait a few minutes for the action to propagate to our systems and retry.","domain":"usageLimits","reason":"accessNotConfigured","extendedHelp":"https://console.developers.google.com"}],"status":"PERMISSION_DENIED","details":[{"@type":"type.googleapis.com/google.rpc.ErrorInfo","reason":"SERVICE_DISABLED","domain":"googleapis.com","metadata":{"activationUrl":"https://console.developers.google.com/apis/api/compute.googleapis.com/overview?project=794509533450","consumer":"projects/794509533450","service":"compute.googleapis.com","serviceTitle":"Compute Engine API","containerInfo":"794509533450"}},{"@type":"type.googleapis.com/google.rpc.LocalizedMessage","locale":"en-US","message":"Compute Engine API has not been used in project 794509533450 before or it is disabled. Enable it by visiting https://console.developers.google.com/apis/api/compute.googleapis.com/overview?project=794509533450 then retry. If you enabled this API recently, wait a few minutes for the action to propagate to our systems and retry."},{"@type":"type.googleapis.com/google.rpc.Help","links":[{"description":"Google developers console API activation","url":"https://console.developers.google.com/apis/api/compute.googleapis.com/overview?project=794509533450"}]}]}},"response":{"statusCode":403}},"exit":1,"message":"Request to https://compute.googleapis.com/compute/v1/projects/794509533450 had HTTP Error: 403, Compute Engine API has not been used in project 794509533450 before or it is disabled. Enable it by visiting https://console.developers.google.com/apis/api/compute.googleapis.com/overview?project=794509533450 then retry. If you enabled this API recently, wait a few minutes for the action to propagate to our systems and retry.","status":403}
[debug] [2026-05-05T17:04:31.152Z] Checked if tokens are valid: true, expires at: 1778003249258
[debug] [2026-05-05T17:04:31.152Z] Checked if tokens are valid: true, expires at: 1778003249258
[debug] [2026-05-05T17:04:31.152Z] >>> [apiv2][query] GET https://compute.googleapis.com/compute/v1/projects/794509533450 [none]
[debug] [2026-05-05T17:04:31.401Z] <<< [apiv2][status] GET https://compute.googleapis.com/compute/v1/projects/794509533450 403
[debug] [2026-05-05T17:04:31.401Z] <<< [apiv2][body] GET https://compute.googleapis.com/compute/v1/projects/794509533450 {"error":{"code":403,"message":"Compute Engine API has not been used in project 794509533450 before or it is disabled. Enable it by visiting https://console.developers.google.com/apis/api/compute.googleapis.com/overview?project=794509533450 then retry. If you enabled this API recently, wait a few minutes for the action to propagate to our systems and retry.","errors":[{"message":"Compute Engine API has not been used in project 794509533450 before or it is disabled. Enable it by visiting https://console.developers.google.com/apis/api/compute.googleapis.com/overview?project=794509533450 then retry. If you enabled this API recently, wait a few minutes for the action to propagate to our systems and retry.","domain":"usageLimits","reason":"accessNotConfigured","extendedHelp":"https://console.developers.google.com"}],"status":"PERMISSION_DENIED","details":[{"@type":"type.googleapis.com/google.rpc.ErrorInfo","reason":"SERVICE_DISABLED","domain":"googleapis.com","metadata":{"service":"compute.googleapis.com","activationUrl":"https://console.developers.google.com/apis/api/compute.googleapis.com/overview?project=794509533450","containerInfo":"794509533450","consumer":"projects/794509533450","serviceTitle":"Compute Engine API"}},{"@type":"type.googleapis.com/google.rpc.LocalizedMessage","locale":"en-US","message":"Compute Engine API has not been used in project 794509533450 before or it is disabled. Enable it by visiting https://console.developers.google.com/apis/api/compute.googleapis.com/overview?project=794509533450 then retry. If you enabled this API recently, wait a few minutes for the action to propagate to our systems and retry."},{"@type":"type.googleapis.com/google.rpc.Help","links":[{"description":"Google developers console API activation","url":"https://console.developers.google.com/apis/api/compute.googleapis.com/overview?project=794509533450"}]}]}}
[debug] [2026-05-05T17:04:31.402Z] unable to look up default compute service account. Falling back to 794509533450-compute@developer.gserviceaccount.com. Error: {"name":"FirebaseError","children":[],"context":{"body":{"error":{"code":403,"message":"Compute Engine API has not been used in project 794509533450 before or it is disabled. Enable it by visiting https://console.developers.google.com/apis/api/compute.googleapis.com/overview?project=794509533450 then retry. If you enabled this API recently, wait a few minutes for the action to propagate to our systems and retry.","errors":[{"message":"Compute Engine API has not been used in project 794509533450 before or it is disabled. Enable it by visiting https://console.developers.google.com/apis/api/compute.googleapis.com/overview?project=794509533450 then retry. If you enabled this API recently, wait a few minutes for the action to propagate to our systems and retry.","domain":"usageLimits","reason":"accessNotConfigured","extendedHelp":"https://console.developers.google.com"}],"status":"PERMISSION_DENIED","details":[{"@type":"type.googleapis.com/google.rpc.ErrorInfo","reason":"SERVICE_DISABLED","domain":"googleapis.com","metadata":{"service":"compute.googleapis.com","activationUrl":"https://console.developers.google.com/apis/api/compute.googleapis.com/overview?project=794509533450","containerInfo":"794509533450","consumer":"projects/794509533450","serviceTitle":"Compute Engine API"}},{"@type":"type.googleapis.com/google.rpc.LocalizedMessage","locale":"en-US","message":"Compute Engine API has not been used in project 794509533450 before or it is disabled. Enable it by visiting https://console.developers.google.com/apis/api/compute.googleapis.com/overview?project=794509533450 then retry. If you enabled this API recently, wait a few minutes for the action to propagate to our systems and retry."},{"@type":"type.googleapis.com/google.rpc.Help","links":[{"description":"Google developers console API activation","url":"https://console.developers.google.com/apis/api/compute.googleapis.com/overview?project=794509533450"}]}]}},"response":{"statusCode":403}},"exit":1,"message":"Request to https://compute.googleapis.com/compute/v1/projects/794509533450 had HTTP Error: 403, Compute Engine API has not been used in project 794509533450 before or it is disabled. Enable it by visiting https://console.developers.google.com/apis/api/compute.googleapis.com/overview?project=794509533450 then retry. If you enabled this API recently, wait a few minutes for the action to propagate to our systems and retry.","status":403}
[debug] [2026-05-05T17:04:31.402Z] Checked if tokens are valid: true, expires at: 1778003249258
[debug] [2026-05-05T17:04:31.402Z] Checked if tokens are valid: true, expires at: 1778003249258
[debug] [2026-05-05T17:04:31.402Z] >>> [apiv2][query] GET https://compute.googleapis.com/compute/v1/projects/794509533450 [none]
[debug] [2026-05-05T17:04:31.637Z] <<< [apiv2][status] GET https://compute.googleapis.com/compute/v1/projects/794509533450 403
[debug] [2026-05-05T17:04:31.637Z] <<< [apiv2][body] GET https://compute.googleapis.com/compute/v1/projects/794509533450 {"error":{"code":403,"message":"Compute Engine API has not been used in project 794509533450 before or it is disabled. Enable it by visiting https://console.developers.google.com/apis/api/compute.googleapis.com/overview?project=794509533450 then retry. If you enabled this API recently, wait a few minutes for the action to propagate to our systems and retry.","errors":[{"message":"Compute Engine API has not been used in project 794509533450 before or it is disabled. Enable it by visiting https://console.developers.google.com/apis/api/compute.googleapis.com/overview?project=794509533450 then retry. If you enabled this API recently, wait a few minutes for the action to propagate to our systems and retry.","domain":"usageLimits","reason":"accessNotConfigured","extendedHelp":"https://console.developers.google.com"}],"status":"PERMISSION_DENIED","details":[{"@type":"type.googleapis.com/google.rpc.ErrorInfo","reason":"SERVICE_DISABLED","domain":"googleapis.com","metadata":{"consumer":"projects/794509533450","serviceTitle":"Compute Engine API","activationUrl":"https://console.developers.google.com/apis/api/compute.googleapis.com/overview?project=794509533450","containerInfo":"794509533450","service":"compute.googleapis.com"}},{"@type":"type.googleapis.com/google.rpc.LocalizedMessage","locale":"en-US","message":"Compute Engine API has not been used in project 794509533450 before or it is disabled. Enable it by visiting https://console.developers.google.com/apis/api/compute.googleapis.com/overview?project=794509533450 then retry. If you enabled this API recently, wait a few minutes for the action to propagate to our systems and retry."},{"@type":"type.googleapis.com/google.rpc.Help","links":[{"description":"Google developers console API activation","url":"https://console.developers.google.com/apis/api/compute.googleapis.com/overview?project=794509533450"}]}]}}
[debug] [2026-05-05T17:04:31.637Z] unable to look up default compute service account. Falling back to 794509533450-compute@developer.gserviceaccount.com. Error: {"name":"FirebaseError","children":[],"context":{"body":{"error":{"code":403,"message":"Compute Engine API has not been used in project 794509533450 before or it is disabled. Enable it by visiting https://console.developers.google.com/apis/api/compute.googleapis.com/overview?project=794509533450 then retry. If you enabled this API recently, wait a few minutes for the action to propagate to our systems and retry.","errors":[{"message":"Compute Engine API has not been used in project 794509533450 before or it is disabled. Enable it by visiting https://console.developers.google.com/apis/api/compute.googleapis.com/overview?project=794509533450 then retry. If you enabled this API recently, wait a few minutes for the action to propagate to our systems and retry.","domain":"usageLimits","reason":"accessNotConfigured","extendedHelp":"https://console.developers.google.com"}],"status":"PERMISSION_DENIED","details":[{"@type":"type.googleapis.com/google.rpc.ErrorInfo","reason":"SERVICE_DISABLED","domain":"googleapis.com","metadata":{"consumer":"projects/794509533450","serviceTitle":"Compute Engine API","activationUrl":"https://console.developers.google.com/apis/api/compute.googleapis.com/overview?project=794509533450","containerInfo":"794509533450","service":"compute.googleapis.com"}},{"@type":"type.googleapis.com/google.rpc.LocalizedMessage","locale":"en-US","message":"Compute Engine API has not been used in project 794509533450 before or it is disabled. Enable it by visiting https://console.developers.google.com/apis/api/compute.googleapis.com/overview?project=794509533450 then retry. If you enabled this API recently, wait a few minutes for the action to propagate to our systems and retry."},{"@type":"type.googleapis.com/google.rpc.Help","links":[{"description":"Google developers console API activation","url":"https://console.developers.google.com/apis/api/compute.googleapis.com/overview?project=794509533450"}]}]}},"response":{"statusCode":403}},"exit":1,"message":"Request to https://compute.googleapis.com/compute/v1/projects/794509533450 had HTTP Error: 403, Compute Engine API has not been used in project 794509533450 before or it is disabled. Enable it by visiting https://console.developers.google.com/apis/api/compute.googleapis.com/overview?project=794509533450 then retry. If you enabled this API recently, wait a few minutes for the action to propagate to our systems and retry.","status":403}
[debug] [2026-05-05T17:04:31.638Z] Checked if tokens are valid: true, expires at: 1778003249258
[debug] [2026-05-05T17:04:31.638Z] Checked if tokens are valid: true, expires at: 1778003249258
[debug] [2026-05-05T17:04:31.638Z] >>> [apiv2][query] GET https://compute.googleapis.com/compute/v1/projects/794509533450 [none]
[debug] [2026-05-05T17:04:31.864Z] <<< [apiv2][status] GET https://compute.googleapis.com/compute/v1/projects/794509533450 403
[debug] [2026-05-05T17:04:31.864Z] <<< [apiv2][body] GET https://compute.googleapis.com/compute/v1/projects/794509533450 {"error":{"code":403,"message":"Compute Engine API has not been used in project 794509533450 before or it is disabled. Enable it by visiting https://console.developers.google.com/apis/api/compute.googleapis.com/overview?project=794509533450 then retry. If you enabled this API recently, wait a few minutes for the action to propagate to our systems and retry.","errors":[{"message":"Compute Engine API has not been used in project 794509533450 before or it is disabled. Enable it by visiting https://console.developers.google.com/apis/api/compute.googleapis.com/overview?project=794509533450 then retry. If you enabled this API recently, wait a few minutes for the action to propagate to our systems and retry.","domain":"usageLimits","reason":"accessNotConfigured","extendedHelp":"https://console.developers.google.com"}],"status":"PERMISSION_DENIED","details":[{"@type":"type.googleapis.com/google.rpc.ErrorInfo","reason":"SERVICE_DISABLED","domain":"googleapis.com","metadata":{"serviceTitle":"Compute Engine API","containerInfo":"794509533450","consumer":"projects/794509533450","service":"compute.googleapis.com","activationUrl":"https://console.developers.google.com/apis/api/compute.googleapis.com/overview?project=794509533450"}},{"@type":"type.googleapis.com/google.rpc.LocalizedMessage","locale":"en-US","message":"Compute Engine API has not been used in project 794509533450 before or it is disabled. Enable it by visiting https://console.developers.google.com/apis/api/compute.googleapis.com/overview?project=794509533450 then retry. If you enabled this API recently, wait a few minutes for the action to propagate to our systems and retry."},{"@type":"type.googleapis.com/google.rpc.Help","links":[{"description":"Google developers console API activation","url":"https://console.developers.google.com/apis/api/compute.googleapis.com/overview?project=794509533450"}]}]}}
[debug] [2026-05-05T17:04:31.865Z] unable to look up default compute service account. Falling back to 794509533450-compute@developer.gserviceaccount.com. Error: {"name":"FirebaseError","children":[],"context":{"body":{"error":{"code":403,"message":"Compute Engine API has not been used in project 794509533450 before or it is disabled. Enable it by visiting https://console.developers.google.com/apis/api/compute.googleapis.com/overview?project=794509533450 then retry. If you enabled this API recently, wait a few minutes for the action to propagate to our systems and retry.","errors":[{"message":"Compute Engine API has not been used in project 794509533450 before or it is disabled. Enable it by visiting https://console.developers.google.com/apis/api/compute.googleapis.com/overview?project=794509533450 then retry. If you enabled this API recently, wait a few minutes for the action to propagate to our systems and retry.","domain":"usageLimits","reason":"accessNotConfigured","extendedHelp":"https://console.developers.google.com"}],"status":"PERMISSION_DENIED","details":[{"@type":"type.googleapis.com/google.rpc.ErrorInfo","reason":"SERVICE_DISABLED","domain":"googleapis.com","metadata":{"serviceTitle":"Compute Engine API","containerInfo":"794509533450","consumer":"projects/794509533450","service":"compute.googleapis.com","activationUrl":"https://console.developers.google.com/apis/api/compute.googleapis.com/overview?project=794509533450"}},{"@type":"type.googleapis.com/google.rpc.LocalizedMessage","locale":"en-US","message":"Compute Engine API has not been used in project 794509533450 before or it is disabled. Enable it by visiting https://console.developers.google.com/apis/api/compute.googleapis.com/overview?project=794509533450 then retry. If you enabled this API recently, wait a few minutes for the action to propagate to our systems and retry."},{"@type":"type.googleapis.com/google.rpc.Help","links":[{"description":"Google developers console API activation","url":"https://console.developers.google.com/apis/api/compute.googleapis.com/overview?project=794509533450"}]}]}},"response":{"statusCode":403}},"exit":1,"message":"Request to https://compute.googleapis.com/compute/v1/projects/794509533450 had HTTP Error: 403, Compute Engine API has not been used in project 794509533450 before or it is disabled. Enable it by visiting https://console.developers.google.com/apis/api/compute.googleapis.com/overview?project=794509533450 then retry. If you enabled this API recently, wait a few minutes for the action to propagate to our systems and retry.","status":403}
[debug] [2026-05-05T17:04:31.865Z] Checked if tokens are valid: true, expires at: 1778003249258
[debug] [2026-05-05T17:04:31.865Z] Checked if tokens are valid: true, expires at: 1778003249258
[debug] [2026-05-05T17:04:31.865Z] >>> [apiv2][query] GET https://compute.googleapis.com/compute/v1/projects/794509533450 [none]
[debug] [2026-05-05T17:04:32.111Z] <<< [apiv2][status] GET https://compute.googleapis.com/compute/v1/projects/794509533450 403
[debug] [2026-05-05T17:04:32.111Z] <<< [apiv2][body] GET https://compute.googleapis.com/compute/v1/projects/794509533450 {"error":{"code":403,"message":"Compute Engine API has not been used in project 794509533450 before or it is disabled. Enable it by visiting https://console.developers.google.com/apis/api/compute.googleapis.com/overview?project=794509533450 then retry. If you enabled this API recently, wait a few minutes for the action to propagate to our systems and retry.","errors":[{"message":"Compute Engine API has not been used in project 794509533450 before or it is disabled. Enable it by visiting https://console.developers.google.com/apis/api/compute.googleapis.com/overview?project=794509533450 then retry. If you enabled this API recently, wait a few minutes for the action to propagate to our systems and retry.","domain":"usageLimits","reason":"accessNotConfigured","extendedHelp":"https://console.developers.google.com"}],"status":"PERMISSION_DENIED","details":[{"@type":"type.googleapis.com/google.rpc.ErrorInfo","reason":"SERVICE_DISABLED","domain":"googleapis.com","metadata":{"containerInfo":"794509533450","service":"compute.googleapis.com","consumer":"projects/794509533450","serviceTitle":"Compute Engine API","activationUrl":"https://console.developers.google.com/apis/api/compute.googleapis.com/overview?project=794509533450"}},{"@type":"type.googleapis.com/google.rpc.LocalizedMessage","locale":"en-US","message":"Compute Engine API has not been used in project 794509533450 before or it is disabled. Enable it by visiting https://console.developers.google.com/apis/api/compute.googleapis.com/overview?project=794509533450 then retry. If you enabled this API recently, wait a few minutes for the action to propagate to our systems and retry."},{"@type":"type.googleapis.com/google.rpc.Help","links":[{"description":"Google developers console API activation","url":"https://console.developers.google.com/apis/api/compute.googleapis.com/overview?project=794509533450"}]}]}}
[debug] [2026-05-05T17:04:32.112Z] unable to look up default compute service account. Falling back to 794509533450-compute@developer.gserviceaccount.com. Error: {"name":"FirebaseError","children":[],"context":{"body":{"error":{"code":403,"message":"Compute Engine API has not been used in project 794509533450 before or it is disabled. Enable it by visiting https://console.developers.google.com/apis/api/compute.googleapis.com/overview?project=794509533450 then retry. If you enabled this API recently, wait a few minutes for the action to propagate to our systems and retry.","errors":[{"message":"Compute Engine API has not been used in project 794509533450 before or it is disabled. Enable it by visiting https://console.developers.google.com/apis/api/compute.googleapis.com/overview?project=794509533450 then retry. If you enabled this API recently, wait a few minutes for the action to propagate to our systems and retry.","domain":"usageLimits","reason":"accessNotConfigured","extendedHelp":"https://console.developers.google.com"}],"status":"PERMISSION_DENIED","details":[{"@type":"type.googleapis.com/google.rpc.ErrorInfo","reason":"SERVICE_DISABLED","domain":"googleapis.com","metadata":{"containerInfo":"794509533450","service":"compute.googleapis.com","consumer":"projects/794509533450","serviceTitle":"Compute Engine API","activationUrl":"https://console.developers.google.com/apis/api/compute.googleapis.com/overview?project=794509533450"}},{"@type":"type.googleapis.com/google.rpc.LocalizedMessage","locale":"en-US","message":"Compute Engine API has not been used in project 794509533450 before or it is disabled. Enable it by visiting https://console.developers.google.com/apis/api/compute.googleapis.com/overview?project=794509533450 then retry. If you enabled this API recently, wait a few minutes for the action to propagate to our systems and retry."},{"@type":"type.googleapis.com/google.rpc.Help","links":[{"description":"Google developers console API activation","url":"https://console.developers.google.com/apis/api/compute.googleapis.com/overview?project=794509533450"}]}]}},"response":{"statusCode":403}},"exit":1,"message":"Request to https://compute.googleapis.com/compute/v1/projects/794509533450 had HTTP Error: 403, Compute Engine API has not been used in project 794509533450 before or it is disabled. Enable it by visiting https://console.developers.google.com/apis/api/compute.googleapis.com/overview?project=794509533450 then retry. If you enabled this API recently, wait a few minutes for the action to propagate to our systems and retry.","status":403}
[debug] [2026-05-05T17:04:32.112Z] Checked if tokens are valid: true, expires at: 1778003249258
[debug] [2026-05-05T17:04:32.112Z] Checked if tokens are valid: true, expires at: 1778003249258
[debug] [2026-05-05T17:04:32.112Z] >>> [apiv2][query] GET https://compute.googleapis.com/compute/v1/projects/794509533450 [none]
[debug] [2026-05-05T17:04:32.353Z] <<< [apiv2][status] GET https://compute.googleapis.com/compute/v1/projects/794509533450 403
[debug] [2026-05-05T17:04:32.354Z] <<< [apiv2][body] GET https://compute.googleapis.com/compute/v1/projects/794509533450 {"error":{"code":403,"message":"Compute Engine API has not been used in project 794509533450 before or it is disabled. Enable it by visiting https://console.developers.google.com/apis/api/compute.googleapis.com/overview?project=794509533450 then retry. If you enabled this API recently, wait a few minutes for the action to propagate to our systems and retry.","errors":[{"message":"Compute Engine API has not been used in project 794509533450 before or it is disabled. Enable it by visiting https://console.developers.google.com/apis/api/compute.googleapis.com/overview?project=794509533450 then retry. If you enabled this API recently, wait a few minutes for the action to propagate to our systems and retry.","domain":"usageLimits","reason":"accessNotConfigured","extendedHelp":"https://console.developers.google.com"}],"status":"PERMISSION_DENIED","details":[{"@type":"type.googleapis.com/google.rpc.ErrorInfo","reason":"SERVICE_DISABLED","domain":"googleapis.com","metadata":{"activationUrl":"https://console.developers.google.com/apis/api/compute.googleapis.com/overview?project=794509533450","service":"compute.googleapis.com","containerInfo":"794509533450","consumer":"projects/794509533450","serviceTitle":"Compute Engine API"}},{"@type":"type.googleapis.com/google.rpc.LocalizedMessage","locale":"en-US","message":"Compute Engine API has not been used in project 794509533450 before or it is disabled. Enable it by visiting https://console.developers.google.com/apis/api/compute.googleapis.com/overview?project=794509533450 then retry. If you enabled this API recently, wait a few minutes for the action to propagate to our systems and retry."},{"@type":"type.googleapis.com/google.rpc.Help","links":[{"description":"Google developers console API activation","url":"https://console.developers.google.com/apis/api/compute.googleapis.com/overview?project=794509533450"}]}]}}
[debug] [2026-05-05T17:04:32.354Z] unable to look up default compute service account. Falling back to 794509533450-compute@developer.gserviceaccount.com. Error: {"name":"FirebaseError","children":[],"context":{"body":{"error":{"code":403,"message":"Compute Engine API has not been used in project 794509533450 before or it is disabled. Enable it by visiting https://console.developers.google.com/apis/api/compute.googleapis.com/overview?project=794509533450 then retry. If you enabled this API recently, wait a few minutes for the action to propagate to our systems and retry.","errors":[{"message":"Compute Engine API has not been used in project 794509533450 before or it is disabled. Enable it by visiting https://console.developers.google.com/apis/api/compute.googleapis.com/overview?project=794509533450 then retry. If you enabled this API recently, wait a few minutes for the action to propagate to our systems and retry.","domain":"usageLimits","reason":"accessNotConfigured","extendedHelp":"https://console.developers.google.com"}],"status":"PERMISSION_DENIED","details":[{"@type":"type.googleapis.com/google.rpc.ErrorInfo","reason":"SERVICE_DISABLED","domain":"googleapis.com","metadata":{"activationUrl":"https://console.developers.google.com/apis/api/compute.googleapis.com/overview?project=794509533450","service":"compute.googleapis.com","containerInfo":"794509533450","consumer":"projects/794509533450","serviceTitle":"Compute Engine API"}},{"@type":"type.googleapis.com/google.rpc.LocalizedMessage","locale":"en-US","message":"Compute Engine API has not been used in project 794509533450 before or it is disabled. Enable it by visiting https://console.developers.google.com/apis/api/compute.googleapis.com/overview?project=794509533450 then retry. If you enabled this API recently, wait a few minutes for the action to propagate to our systems and retry."},{"@type":"type.googleapis.com/google.rpc.Help","links":[{"description":"Google developers console API activation","url":"https://console.developers.google.com/apis/api/compute.googleapis.com/overview?project=794509533450"}]}]}},"response":{"statusCode":403}},"exit":1,"message":"Request to https://compute.googleapis.com/compute/v1/projects/794509533450 had HTTP Error: 403, Compute Engine API has not been used in project 794509533450 before or it is disabled. Enable it by visiting https://console.developers.google.com/apis/api/compute.googleapis.com/overview?project=794509533450 then retry. If you enabled this API recently, wait a few minutes for the action to propagate to our systems and retry.","status":403}
[debug] [2026-05-05T17:04:32.354Z] Checked if tokens are valid: true, expires at: 1778003249258
[debug] [2026-05-05T17:04:32.354Z] Checked if tokens are valid: true, expires at: 1778003249258
[debug] [2026-05-05T17:04:32.354Z] >>> [apiv2][query] GET https://compute.googleapis.com/compute/v1/projects/794509533450 [none]
[debug] [2026-05-05T17:04:32.631Z] <<< [apiv2][status] GET https://compute.googleapis.com/compute/v1/projects/794509533450 403
[debug] [2026-05-05T17:04:32.632Z] <<< [apiv2][body] GET https://compute.googleapis.com/compute/v1/projects/794509533450 {"error":{"code":403,"message":"Compute Engine API has not been used in project 794509533450 before or it is disabled. Enable it by visiting https://console.developers.google.com/apis/api/compute.googleapis.com/overview?project=794509533450 then retry. If you enabled this API recently, wait a few minutes for the action to propagate to our systems and retry.","errors":[{"message":"Compute Engine API has not been used in project 794509533450 before or it is disabled. Enable it by visiting https://console.developers.google.com/apis/api/compute.googleapis.com/overview?project=794509533450 then retry. If you enabled this API recently, wait a few minutes for the action to propagate to our systems and retry.","domain":"usageLimits","reason":"accessNotConfigured","extendedHelp":"https://console.developers.google.com"}],"status":"PERMISSION_DENIED","details":[{"@type":"type.googleapis.com/google.rpc.ErrorInfo","reason":"SERVICE_DISABLED","domain":"googleapis.com","metadata":{"consumer":"projects/794509533450","serviceTitle":"Compute Engine API","containerInfo":"794509533450","activationUrl":"https://console.developers.google.com/apis/api/compute.googleapis.com/overview?project=794509533450","service":"compute.googleapis.com"}},{"@type":"type.googleapis.com/google.rpc.LocalizedMessage","locale":"en-US","message":"Compute Engine API has not been used in project 794509533450 before or it is disabled. Enable it by visiting https://console.developers.google.com/apis/api/compute.googleapis.com/overview?project=794509533450 then retry. If you enabled this API recently, wait a few minutes for the action to propagate to our systems and retry."},{"@type":"type.googleapis.com/google.rpc.Help","links":[{"description":"Google developers console API activation","url":"https://console.developers.google.com/apis/api/compute.googleapis.com/overview?project=794509533450"}]}]}}
[debug] [2026-05-05T17:04:32.632Z] unable to look up default compute service account. Falling back to 794509533450-compute@developer.gserviceaccount.com. Error: {"name":"FirebaseError","children":[],"context":{"body":{"error":{"code":403,"message":"Compute Engine API has not been used in project 794509533450 before or it is disabled. Enable it by visiting https://console.developers.google.com/apis/api/compute.googleapis.com/overview?project=794509533450 then retry. If you enabled this API recently, wait a few minutes for the action to propagate to our systems and retry.","errors":[{"message":"Compute Engine API has not been used in project 794509533450 before or it is disabled. Enable it by visiting https://console.developers.google.com/apis/api/compute.googleapis.com/overview?project=794509533450 then retry. If you enabled this API recently, wait a few minutes for the action to propagate to our systems and retry.","domain":"usageLimits","reason":"accessNotConfigured","extendedHelp":"https://console.developers.google.com"}],"status":"PERMISSION_DENIED","details":[{"@type":"type.googleapis.com/google.rpc.ErrorInfo","reason":"SERVICE_DISABLED","domain":"googleapis.com","metadata":{"consumer":"projects/794509533450","serviceTitle":"Compute Engine API","containerInfo":"794509533450","activationUrl":"https://console.developers.google.com/apis/api/compute.googleapis.com/overview?project=794509533450","service":"compute.googleapis.com"}},{"@type":"type.googleapis.com/google.rpc.LocalizedMessage","locale":"en-US","message":"Compute Engine API has not been used in project 794509533450 before or it is disabled. Enable it by visiting https://console.developers.google.com/apis/api/compute.googleapis.com/overview?project=794509533450 then retry. If you enabled this API recently, wait a few minutes for the action to propagate to our systems and retry."},{"@type":"type.googleapis.com/google.rpc.Help","links":[{"description":"Google developers console API activation","url":"https://console.developers.google.com/apis/api/compute.googleapis.com/overview?project=794509533450"}]}]}},"response":{"statusCode":403}},"exit":1,"message":"Request to https://compute.googleapis.com/compute/v1/projects/794509533450 had HTTP Error: 403, Compute Engine API has not been used in project 794509533450 before or it is disabled. Enable it by visiting https://console.developers.google.com/apis/api/compute.googleapis.com/overview?project=794509533450 then retry. If you enabled this API recently, wait a few minutes for the action to propagate to our systems and retry.","status":403}
[debug] [2026-05-05T17:04:32.632Z] Checked if tokens are valid: true, expires at: 1778003249258
[debug] [2026-05-05T17:04:32.632Z] Checked if tokens are valid: true, expires at: 1778003249258
[debug] [2026-05-05T17:04:32.633Z] >>> [apiv2][query] GET https://compute.googleapis.com/compute/v1/projects/794509533450 [none]
[debug] [2026-05-05T17:04:32.911Z] <<< [apiv2][status] GET https://compute.googleapis.com/compute/v1/projects/794509533450 403
[debug] [2026-05-05T17:04:32.911Z] <<< [apiv2][body] GET https://compute.googleapis.com/compute/v1/projects/794509533450 {"error":{"code":403,"message":"Compute Engine API has not been used in project 794509533450 before or it is disabled. Enable it by visiting https://console.developers.google.com/apis/api/compute.googleapis.com/overview?project=794509533450 then retry. If you enabled this API recently, wait a few minutes for the action to propagate to our systems and retry.","errors":[{"message":"Compute Engine API has not been used in project 794509533450 before or it is disabled. Enable it by visiting https://console.developers.google.com/apis/api/compute.googleapis.com/overview?project=794509533450 then retry. If you enabled this API recently, wait a few minutes for the action to propagate to our systems and retry.","domain":"usageLimits","reason":"accessNotConfigured","extendedHelp":"https://console.developers.google.com"}],"status":"PERMISSION_DENIED","details":[{"@type":"type.googleapis.com/google.rpc.ErrorInfo","reason":"SERVICE_DISABLED","domain":"googleapis.com","metadata":{"containerInfo":"794509533450","activationUrl":"https://console.developers.google.com/apis/api/compute.googleapis.com/overview?project=794509533450","service":"compute.googleapis.com","consumer":"projects/794509533450","serviceTitle":"Compute Engine API"}},{"@type":"type.googleapis.com/google.rpc.LocalizedMessage","locale":"en-US","message":"Compute Engine API has not been used in project 794509533450 before or it is disabled. Enable it by visiting https://console.developers.google.com/apis/api/compute.googleapis.com/overview?project=794509533450 then retry. If you enabled this API recently, wait a few minutes for the action to propagate to our systems and retry."},{"@type":"type.googleapis.com/google.rpc.Help","links":[{"description":"Google developers console API activation","url":"https://console.developers.google.com/apis/api/compute.googleapis.com/overview?project=794509533450"}]}]}}
[debug] [2026-05-05T17:04:32.911Z] unable to look up default compute service account. Falling back to 794509533450-compute@developer.gserviceaccount.com. Error: {"name":"FirebaseError","children":[],"context":{"body":{"error":{"code":403,"message":"Compute Engine API has not been used in project 794509533450 before or it is disabled. Enable it by visiting https://console.developers.google.com/apis/api/compute.googleapis.com/overview?project=794509533450 then retry. If you enabled this API recently, wait a few minutes for the action to propagate to our systems and retry.","errors":[{"message":"Compute Engine API has not been used in project 794509533450 before or it is disabled. Enable it by visiting https://console.developers.google.com/apis/api/compute.googleapis.com/overview?project=794509533450 then retry. If you enabled this API recently, wait a few minutes for the action to propagate to our systems and retry.","domain":"usageLimits","reason":"accessNotConfigured","extendedHelp":"https://console.developers.google.com"}],"status":"PERMISSION_DENIED","details":[{"@type":"type.googleapis.com/google.rpc.ErrorInfo","reason":"SERVICE_DISABLED","domain":"googleapis.com","metadata":{"containerInfo":"794509533450","activationUrl":"https://console.developers.google.com/apis/api/compute.googleapis.com/overview?project=794509533450","service":"compute.googleapis.com","consumer":"projects/794509533450","serviceTitle":"Compute Engine API"}},{"@type":"type.googleapis.com/google.rpc.LocalizedMessage","locale":"en-US","message":"Compute Engine API has not been used in project 794509533450 before or it is disabled. Enable it by visiting https://console.developers.google.com/apis/api/compute.googleapis.com/overview?project=794509533450 then retry. If you enabled this API recently, wait a few minutes for the action to propagate to our systems and retry."},{"@type":"type.googleapis.com/google.rpc.Help","links":[{"description":"Google developers console API activation","url":"https://console.developers.google.com/apis/api/compute.googleapis.com/overview?project=794509533450"}]}]}},"response":{"statusCode":403}},"exit":1,"message":"Request to https://compute.googleapis.com/compute/v1/projects/794509533450 had HTTP Error: 403, Compute Engine API has not been used in project 794509533450 before or it is disabled. Enable it by visiting https://console.developers.google.com/apis/api/compute.googleapis.com/overview?project=794509533450 then retry. If you enabled this API recently, wait a few minutes for the action to propagate to our systems and retry.","status":403}
[debug] [2026-05-05T17:04:32.912Z] Checked if tokens are valid: true, expires at: 1778003249258
[debug] [2026-05-05T17:04:32.912Z] Checked if tokens are valid: true, expires at: 1778003249258
[debug] [2026-05-05T17:04:32.912Z] >>> [apiv2][query] GET https://compute.googleapis.com/compute/v1/projects/794509533450 [none]
[debug] [2026-05-05T17:04:33.158Z] <<< [apiv2][status] GET https://compute.googleapis.com/compute/v1/projects/794509533450 403
[debug] [2026-05-05T17:04:33.158Z] <<< [apiv2][body] GET https://compute.googleapis.com/compute/v1/projects/794509533450 {"error":{"code":403,"message":"Compute Engine API has not been used in project 794509533450 before or it is disabled. Enable it by visiting https://console.developers.google.com/apis/api/compute.googleapis.com/overview?project=794509533450 then retry. If you enabled this API recently, wait a few minutes for the action to propagate to our systems and retry.","errors":[{"message":"Compute Engine API has not been used in project 794509533450 before or it is disabled. Enable it by visiting https://console.developers.google.com/apis/api/compute.googleapis.com/overview?project=794509533450 then retry. If you enabled this API recently, wait a few minutes for the action to propagate to our systems and retry.","domain":"usageLimits","reason":"accessNotConfigured","extendedHelp":"https://console.developers.google.com"}],"status":"PERMISSION_DENIED","details":[{"@type":"type.googleapis.com/google.rpc.ErrorInfo","reason":"SERVICE_DISABLED","domain":"googleapis.com","metadata":{"consumer":"projects/794509533450","containerInfo":"794509533450","activationUrl":"https://console.developers.google.com/apis/api/compute.googleapis.com/overview?project=794509533450","service":"compute.googleapis.com","serviceTitle":"Compute Engine API"}},{"@type":"type.googleapis.com/google.rpc.LocalizedMessage","locale":"en-US","message":"Compute Engine API has not been used in project 794509533450 before or it is disabled. Enable it by visiting https://console.developers.google.com/apis/api/compute.googleapis.com/overview?project=794509533450 then retry. If you enabled this API recently, wait a few minutes for the action to propagate to our systems and retry."},{"@type":"type.googleapis.com/google.rpc.Help","links":[{"description":"Google developers console API activation","url":"https://console.developers.google.com/apis/api/compute.googleapis.com/overview?project=794509533450"}]}]}}
[debug] [2026-05-05T17:04:33.158Z] unable to look up default compute service account. Falling back to 794509533450-compute@developer.gserviceaccount.com. Error: {"name":"FirebaseError","children":[],"context":{"body":{"error":{"code":403,"message":"Compute Engine API has not been used in project 794509533450 before or it is disabled. Enable it by visiting https://console.developers.google.com/apis/api/compute.googleapis.com/overview?project=794509533450 then retry. If you enabled this API recently, wait a few minutes for the action to propagate to our systems and retry.","errors":[{"message":"Compute Engine API has not been used in project 794509533450 before or it is disabled. Enable it by visiting https://console.developers.google.com/apis/api/compute.googleapis.com/overview?project=794509533450 then retry. If you enabled this API recently, wait a few minutes for the action to propagate to our systems and retry.","domain":"usageLimits","reason":"accessNotConfigured","extendedHelp":"https://console.developers.google.com"}],"status":"PERMISSION_DENIED","details":[{"@type":"type.googleapis.com/google.rpc.ErrorInfo","reason":"SERVICE_DISABLED","domain":"googleapis.com","metadata":{"consumer":"projects/794509533450","containerInfo":"794509533450","activationUrl":"https://console.developers.google.com/apis/api/compute.googleapis.com/overview?project=794509533450","service":"compute.googleapis.com","serviceTitle":"Compute Engine API"}},{"@type":"type.googleapis.com/google.rpc.LocalizedMessage","locale":"en-US","message":"Compute Engine API has not been used in project 794509533450 before or it is disabled. Enable it by visiting https://console.developers.google.com/apis/api/compute.googleapis.com/overview?project=794509533450 then retry. If you enabled this API recently, wait a few minutes for the action to propagate to our systems and retry."},{"@type":"type.googleapis.com/google.rpc.Help","links":[{"description":"Google developers console API activation","url":"https://console.developers.google.com/apis/api/compute.googleapis.com/overview?project=794509533450"}]}]}},"response":{"statusCode":403}},"exit":1,"message":"Request to https://compute.googleapis.com/compute/v1/projects/794509533450 had HTTP Error: 403, Compute Engine API has not been used in project 794509533450 before or it is disabled. Enable it by visiting https://console.developers.google.com/apis/api/compute.googleapis.com/overview?project=794509533450 then retry. If you enabled this API recently, wait a few minutes for the action to propagate to our systems and retry.","status":403}
[debug] [2026-05-05T17:04:33.159Z] Checked if tokens are valid: true, expires at: 1778003249258
[debug] [2026-05-05T17:04:33.159Z] Checked if tokens are valid: true, expires at: 1778003249258
[debug] [2026-05-05T17:04:33.159Z] >>> [apiv2][query] GET https://compute.googleapis.com/compute/v1/projects/794509533450 [none]
[debug] [2026-05-05T17:04:33.462Z] <<< [apiv2][status] GET https://compute.googleapis.com/compute/v1/projects/794509533450 403
[debug] [2026-05-05T17:04:33.463Z] <<< [apiv2][body] GET https://compute.googleapis.com/compute/v1/projects/794509533450 {"error":{"code":403,"message":"Compute Engine API has not been used in project 794509533450 before or it is disabled. Enable it by visiting https://console.developers.google.com/apis/api/compute.googleapis.com/overview?project=794509533450 then retry. If you enabled this API recently, wait a few minutes for the action to propagate to our systems and retry.","errors":[{"message":"Compute Engine API has not been used in project 794509533450 before or it is disabled. Enable it by visiting https://console.developers.google.com/apis/api/compute.googleapis.com/overview?project=794509533450 then retry. If you enabled this API recently, wait a few minutes for the action to propagate to our systems and retry.","domain":"usageLimits","reason":"accessNotConfigured","extendedHelp":"https://console.developers.google.com"}],"status":"PERMISSION_DENIED","details":[{"@type":"type.googleapis.com/google.rpc.ErrorInfo","reason":"SERVICE_DISABLED","domain":"googleapis.com","metadata":{"serviceTitle":"Compute Engine API","activationUrl":"https://console.developers.google.com/apis/api/compute.googleapis.com/overview?project=794509533450","service":"compute.googleapis.com","consumer":"projects/794509533450","containerInfo":"794509533450"}},{"@type":"type.googleapis.com/google.rpc.LocalizedMessage","locale":"en-US","message":"Compute Engine API has not been used in project 794509533450 before or it is disabled. Enable it by visiting https://console.developers.google.com/apis/api/compute.googleapis.com/overview?project=794509533450 then retry. If you enabled this API recently, wait a few minutes for the action to propagate to our systems and retry."},{"@type":"type.googleapis.com/google.rpc.Help","links":[{"description":"Google developers console API activation","url":"https://console.developers.google.com/apis/api/compute.googleapis.com/overview?project=794509533450"}]}]}}
[debug] [2026-05-05T17:04:33.463Z] unable to look up default compute service account. Falling back to 794509533450-compute@developer.gserviceaccount.com. Error: {"name":"FirebaseError","children":[],"context":{"body":{"error":{"code":403,"message":"Compute Engine API has not been used in project 794509533450 before or it is disabled. Enable it by visiting https://console.developers.google.com/apis/api/compute.googleapis.com/overview?project=794509533450 then retry. If you enabled this API recently, wait a few minutes for the action to propagate to our systems and retry.","errors":[{"message":"Compute Engine API has not been used in project 794509533450 before or it is disabled. Enable it by visiting https://console.developers.google.com/apis/api/compute.googleapis.com/overview?project=794509533450 then retry. If you enabled this API recently, wait a few minutes for the action to propagate to our systems and retry.","domain":"usageLimits","reason":"accessNotConfigured","extendedHelp":"https://console.developers.google.com"}],"status":"PERMISSION_DENIED","details":[{"@type":"type.googleapis.com/google.rpc.ErrorInfo","reason":"SERVICE_DISABLED","domain":"googleapis.com","metadata":{"serviceTitle":"Compute Engine API","activationUrl":"https://console.developers.google.com/apis/api/compute.googleapis.com/overview?project=794509533450","service":"compute.googleapis.com","consumer":"projects/794509533450","containerInfo":"794509533450"}},{"@type":"type.googleapis.com/google.rpc.LocalizedMessage","locale":"en-US","message":"Compute Engine API has not been used in project 794509533450 before or it is disabled. Enable it by visiting https://console.developers.google.com/apis/api/compute.googleapis.com/overview?project=794509533450 then retry. If you enabled this API recently, wait a few minutes for the action to propagate to our systems and retry."},{"@type":"type.googleapis.com/google.rpc.Help","links":[{"description":"Google developers console API activation","url":"https://console.developers.google.com/apis/api/compute.googleapis.com/overview?project=794509533450"}]}]}},"response":{"statusCode":403}},"exit":1,"message":"Request to https://compute.googleapis.com/compute/v1/projects/794509533450 had HTTP Error: 403, Compute Engine API has not been used in project 794509533450 before or it is disabled. Enable it by visiting https://console.developers.google.com/apis/api/compute.googleapis.com/overview?project=794509533450 then retry. If you enabled this API recently, wait a few minutes for the action to propagate to our systems and retry.","status":403}
[debug] [2026-05-05T17:04:33.463Z] Checked if tokens are valid: true, expires at: 1778003249258
[debug] [2026-05-05T17:04:33.463Z] Checked if tokens are valid: true, expires at: 1778003249258
[debug] [2026-05-05T17:04:33.463Z] >>> [apiv2][query] GET https://compute.googleapis.com/compute/v1/projects/794509533450 [none]
[debug] [2026-05-05T17:04:33.715Z] <<< [apiv2][status] GET https://compute.googleapis.com/compute/v1/projects/794509533450 403
[debug] [2026-05-05T17:04:33.715Z] <<< [apiv2][body] GET https://compute.googleapis.com/compute/v1/projects/794509533450 {"error":{"code":403,"message":"Compute Engine API has not been used in project 794509533450 before or it is disabled. Enable it by visiting https://console.developers.google.com/apis/api/compute.googleapis.com/overview?project=794509533450 then retry. If you enabled this API recently, wait a few minutes for the action to propagate to our systems and retry.","errors":[{"message":"Compute Engine API has not been used in project 794509533450 before or it is disabled. Enable it by visiting https://console.developers.google.com/apis/api/compute.googleapis.com/overview?project=794509533450 then retry. If you enabled this API recently, wait a few minutes for the action to propagate to our systems and retry.","domain":"usageLimits","reason":"accessNotConfigured","extendedHelp":"https://console.developers.google.com"}],"status":"PERMISSION_DENIED","details":[{"@type":"type.googleapis.com/google.rpc.ErrorInfo","reason":"SERVICE_DISABLED","domain":"googleapis.com","metadata":{"service":"compute.googleapis.com","containerInfo":"794509533450","activationUrl":"https://console.developers.google.com/apis/api/compute.googleapis.com/overview?project=794509533450","serviceTitle":"Compute Engine API","consumer":"projects/794509533450"}},{"@type":"type.googleapis.com/google.rpc.LocalizedMessage","locale":"en-US","message":"Compute Engine API has not been used in project 794509533450 before or it is disabled. Enable it by visiting https://console.developers.google.com/apis/api/compute.googleapis.com/overview?project=794509533450 then retry. If you enabled this API recently, wait a few minutes for the action to propagate to our systems and retry."},{"@type":"type.googleapis.com/google.rpc.Help","links":[{"description":"Google developers console API activation","url":"https://console.developers.google.com/apis/api/compute.googleapis.com/overview?project=794509533450"}]}]}}
[debug] [2026-05-05T17:04:33.715Z] unable to look up default compute service account. Falling back to 794509533450-compute@developer.gserviceaccount.com. Error: {"name":"FirebaseError","children":[],"context":{"body":{"error":{"code":403,"message":"Compute Engine API has not been used in project 794509533450 before or it is disabled. Enable it by visiting https://console.developers.google.com/apis/api/compute.googleapis.com/overview?project=794509533450 then retry. If you enabled this API recently, wait a few minutes for the action to propagate to our systems and retry.","errors":[{"message":"Compute Engine API has not been used in project 794509533450 before or it is disabled. Enable it by visiting https://console.developers.google.com/apis/api/compute.googleapis.com/overview?project=794509533450 then retry. If you enabled this API recently, wait a few minutes for the action to propagate to our systems and retry.","domain":"usageLimits","reason":"accessNotConfigured","extendedHelp":"https://console.developers.google.com"}],"status":"PERMISSION_DENIED","details":[{"@type":"type.googleapis.com/google.rpc.ErrorInfo","reason":"SERVICE_DISABLED","domain":"googleapis.com","metadata":{"service":"compute.googleapis.com","containerInfo":"794509533450","activationUrl":"https://console.developers.google.com/apis/api/compute.googleapis.com/overview?project=794509533450","serviceTitle":"Compute Engine API","consumer":"projects/794509533450"}},{"@type":"type.googleapis.com/google.rpc.LocalizedMessage","locale":"en-US","message":"Compute Engine API has not been used in project 794509533450 before or it is disabled. Enable it by visiting https://console.developers.google.com/apis/api/compute.googleapis.com/overview?project=794509533450 then retry. If you enabled this API recently, wait a few minutes for the action to propagate to our systems and retry."},{"@type":"type.googleapis.com/google.rpc.Help","links":[{"description":"Google developers console API activation","url":"https://console.developers.google.com/apis/api/compute.googleapis.com/overview?project=794509533450"}]}]}},"response":{"statusCode":403}},"exit":1,"message":"Request to https://compute.googleapis.com/compute/v1/projects/794509533450 had HTTP Error: 403, Compute Engine API has not been used in project 794509533450 before or it is disabled. Enable it by visiting https://console.developers.google.com/apis/api/compute.googleapis.com/overview?project=794509533450 then retry. If you enabled this API recently, wait a few minutes for the action to propagate to our systems and retry.","status":403}
[debug] [2026-05-05T17:04:33.716Z] Checked if tokens are valid: true, expires at: 1778003249258
[debug] [2026-05-05T17:04:33.716Z] Checked if tokens are valid: true, expires at: 1778003249258
[debug] [2026-05-05T17:04:33.717Z] >>> [apiv2][query] GET https://cloudbilling.googleapis.com/v1/projects/tesla-destination-club/billingInfo [none]
[debug] [2026-05-05T17:04:34.016Z] <<< [apiv2][status] GET https://cloudbilling.googleapis.com/v1/projects/tesla-destination-club/billingInfo 200
[debug] [2026-05-05T17:04:34.016Z] <<< [apiv2][body] GET https://cloudbilling.googleapis.com/v1/projects/tesla-destination-club/billingInfo {"name":"projects/tesla-destination-club/billingInfo","projectId":"tesla-destination-club","billingAccountName":"billingAccounts/018673-430256-EA33B3","billingEnabled":true}
[debug] [2026-05-05T17:04:34.017Z] [functions] found 1 new HTTP functions, testing setIamPolicy permission...
[debug] [2026-05-05T17:04:34.018Z] Checked if tokens are valid: true, expires at: 1778003249258
[debug] [2026-05-05T17:04:34.018Z] Checked if tokens are valid: true, expires at: 1778003249258
[debug] [2026-05-05T17:04:34.018Z] >>> [apiv2][query] POST https://cloudresourcemanager.googleapis.com/v1/projects/tesla-destination-club:testIamPermissions [none]
[debug] [2026-05-05T17:04:34.018Z] >>> [apiv2][(partial)header] POST https://cloudresourcemanager.googleapis.com/v1/projects/tesla-destination-club:testIamPermissions  x-goog-user-project=tesla-destination-club
[debug] [2026-05-05T17:04:34.018Z] >>> [apiv2][body] POST https://cloudresourcemanager.googleapis.com/v1/projects/tesla-destination-club:testIamPermissions {"permissions":["cloudfunctions.functions.setIamPolicy"]}
[debug] [2026-05-05T17:04:34.232Z] <<< [apiv2][status] POST https://cloudresourcemanager.googleapis.com/v1/projects/tesla-destination-club:testIamPermissions 200
[debug] [2026-05-05T17:04:34.232Z] <<< [apiv2][body] POST https://cloudresourcemanager.googleapis.com/v1/projects/tesla-destination-club:testIamPermissions {"permissions":["cloudfunctions.functions.setIamPolicy"]}
[debug] [2026-05-05T17:04:34.232Z] [functions] found setIamPolicy permission, proceeding with deploy
[debug] [2026-05-05T17:04:34.233Z] Checked if tokens are valid: true, expires at: 1778003249258
[debug] [2026-05-05T17:04:34.233Z] Checked if tokens are valid: true, expires at: 1778003249258
[debug] [2026-05-05T17:04:34.233Z] >>> [apiv2][query] POST https://cloudfunctions.googleapis.com/v2/projects/tesla-destination-club/locations/asia-southeast1/functions:generateUploadUrl [none]
[debug] [2026-05-05T17:04:34.441Z] <<< [apiv2][status] POST https://cloudfunctions.googleapis.com/v2/projects/tesla-destination-club/locations/asia-southeast1/functions:generateUploadUrl 200
[debug] [2026-05-05T17:04:34.441Z] <<< [apiv2][body] POST https://cloudfunctions.googleapis.com/v2/projects/tesla-destination-club/locations/asia-southeast1/functions:generateUploadUrl {"uploadUrl":"https://storage.googleapis.com/gcf-v2-uploads-794509533450.asia-southeast1.cloudfunctions.appspot.com/41c94d3b-39f4-40df-b1d4-3fd8b760e6ee.zip?GoogleAccessId=service-794509533450@gcf-admin-robot.iam.gserviceaccount.com&Expires=1778002474&Signature=HIaV4HA79aaH132dlWOIC3ojBFTheMhhkCLbKNmCodkIbyonbd7S%2FPoId5sNV86n3aIcipj4QzdAA3PfNGwDo4NQ5y6B6SJ17WSqDXLYlMKQQr3LRtiFKOmjczcEQ0AIm5LLNo1rUkXDQcUPnXaO3R%2F9%2BS3MrqqcuVjvTYP5OJwl28UgGFS34vObdTAN%2BZJNZfUyWI%2Fzj8XKoyEzHPr6yYwkmD2kS9Gt0qbWeW8Dwfg01Ww2yfnrWxubSKHPXhAz82auxIdRYlL34oFFu1XxcAzBUqHlv1maP%2BKiVjptOTUi7raQNxBHepHcPyA75Qk02Z4Vi4zERRhfAbUZ0Ac6EA%3D%3D","storageSource":{"bucket":"gcf-v2-uploads-794509533450.asia-southeast1.cloudfunctions.appspot.com","object":"41c94d3b-39f4-40df-b1d4-3fd8b760e6ee.zip"}}
[debug] [2026-05-05T17:04:34.441Z] >>> [apiv2][query] PUT https://storage.googleapis.com/gcf-v2-uploads-794509533450.asia-southeast1.cloudfunctions.appspot.com/41c94d3b-39f4-40df-b1d4-3fd8b760e6ee.zip GoogleAccessId=service-794509533450%40gcf-admin-robot.iam.gserviceaccount.com&Expires=1778002474&Signature=HIaV4HA79aaH132dlWOIC3ojBFTheMhhkCLbKNmCodkIbyonbd7S%2FPoId5sNV86n3aIcipj4QzdAA3PfNGwDo4NQ5y6B6SJ17WSqDXLYlMKQQr3LRtiFKOmjczcEQ0AIm5LLNo1rUkXDQcUPnXaO3R%2F9%2BS3MrqqcuVjvTYP5OJwl28UgGFS34vObdTAN%2BZJNZfUyWI%2Fzj8XKoyEzHPr6yYwkmD2kS9Gt0qbWeW8Dwfg01Ww2yfnrWxubSKHPXhAz82auxIdRYlL34oFFu1XxcAzBUqHlv1maP%2BKiVjptOTUi7raQNxBHepHcPyA75Qk02Z4Vi4zERRhfAbUZ0Ac6EA%3D%3D
[debug] [2026-05-05T17:04:34.441Z] >>> [apiv2][body] PUT https://storage.googleapis.com/gcf-v2-uploads-794509533450.asia-southeast1.cloudfunctions.appspot.com/41c94d3b-39f4-40df-b1d4-3fd8b760e6ee.zip [stream]
[debug] [2026-05-05T17:04:34.618Z] <<< [apiv2][status] PUT https://storage.googleapis.com/gcf-v2-uploads-794509533450.asia-southeast1.cloudfunctions.appspot.com/41c94d3b-39f4-40df-b1d4-3fd8b760e6ee.zip 200
[debug] [2026-05-05T17:04:34.618Z] <<< [apiv2][body] PUT https://storage.googleapis.com/gcf-v2-uploads-794509533450.asia-southeast1.cloudfunctions.appspot.com/41c94d3b-39f4-40df-b1d4-3fd8b760e6ee.zip [omitted]
[info] ✔  functions: functions source uploaded successfully 
[info] 
The following functions are found in your project but do not exist in your local source code:
	cancelBooking(us-central1)
	checkInBooking(us-central1)
	checkOutBooking(us-central1)
	createBooking(us-central1)
	seedChargers(us-central1)

If you are renaming a function or changing its region, it is recommended that you create the new function first before deleting the old one to prevent event loss. For more info, visit https://firebase.google.com/docs/functions/manage-functions#modify

